	Mcg	 Gvh	 Alm	 Mit	 Erl	 Pox	 Vac	 Nuc	label
0	0.78	0.7	0.32	0.23	0.5	0.0	0.53	0.22	0
1	0.55	0.46	0.53	0.11	0.5	0.0	0.52	0.48	0
2	0.45	0.56	0.54	0.32	0.5	0.0	0.57	0.22	0
3	0.45	0.56	0.53	0.32	0.5	0.0	0.57	0.22	0
4	0.29	0.43	0.4	0.15	0.5	0.0	0.53	0.22	0
5	0.52	0.75	0.37	0.14	0.5	0.0	0.46	0.22	0
6	0.71	0.56	0.39	0.27	0.5	0.0	0.52	0.22	0
7	0.58	0.6	0.43	0.12	0.5	0.0	0.55	0.22	0
8	0.54	0.65	0.49	0.34	0.5	0.0	0.52	0.22	0
9	0.57	0.59	0.44	0.16	0.5	0.0	0.52	0.22	0
10	0.59	0.58	0.46	0.19	0.5	0.0	0.56	0.27	0
11	0.92	0.61	0.4	0.22	0.5	0.0	0.54	0.22	0
12	0.55	0.56	0.45	0.14	0.5	0.0	0.54	0.22	0
13	0.63	0.61	0.41	0.22	0.5	0.0	0.51	0.22	0
14	0.58	0.53	0.38	0.18	0.5	0.0	0.52	0.22	0
15	0.36	0.46	0.43	0.19	0.5	0.0	0.48	0.22	0
16	0.32	0.47	0.55	0.12	0.5	0.0	0.52	0.22	0
17	0.34	0.38	0.45	0.19	0.5	0.0	0.51	0.22	0
18	0.62	0.58	0.46	0.13	0.5	0.0	0.53	0.22	0
19	0.53	0.68	0.42	0.19	0.5	0.0	0.53	0.22	0
20	0.73	0.55	0.41	0.16	0.5	0.0	0.46	0.22	0
21	0.77	0.8	0.51	0.4	1.0	0.0	0.54	0.22	0
22	0.77	0.87	0.47	0.37	0.5	0.0	0.48	0.22	0
23	0.35	0.46	0.49	0.15	1.0	0.0	0.55	0.35	0
24	0.43	0.51	0.48	0.14	0.5	0.0	0.5	0.22	0
25	0.57	0.61	0.45	0.26	0.5	0.0	0.5	0.22	0
26	0.63	0.62	0.42	0.12	0.5	0.0	0.52	0.25	0
27	0.25	0.4	0.51	0.18	0.5	0.0	0.5	0.27	0
28	0.56	0.62	0.53	0.24	0.5	0.0	0.57	0.22	0
29	0.58	0.6	0.51	0.24	0.5	0.0	0.53	0.22	0
30	0.71	0.59	0.53	0.15	0.5	0.0	0.49	0.33	0
31	0.46	0.35	0.33	0.17	0.5	0.0	0.55	0.22	0
32	0.54	0.55	0.42	0.22	0.5	0.0	0.48	0.22	0
33	0.39	0.44	0.28	0.12	0.5	0.0	0.46	0.27	0
34	0.81	0.82	0.41	0.36	0.5	0.0	0.39	0.22	0
35	0.69	0.6	0.51	0.13	0.5	0.83	0.52	0.22	0
36	0.46	0.48	0.44	0.21	0.5	0.0	0.55	0.22	0
37	0.35	0.36	0.57	0.17	0.5	0.0	0.52	0.22	0
38	0.74	0.72	0.47	0.25	0.5	0.0	0.57	0.22	0
39	0.42	0.52	0.4	0.17	0.5	0.0	0.5	0.26	0
40	0.91	0.77	0.34	0.47	0.5	0.0	0.52	0.31	0
41	0.81	0.9	0.39	0.41	0.5	0.0	0.53	0.22	0
42	0.45	0.4	0.56	0.14	0.5	0.0	0.54	0.22	0
43	0.47	0.47	0.58	0.16	0.5	0.0	0.49	0.28	0
44	0.41	0.39	0.51	0.52	0.5	0.0	0.49	0.22	0
45	0.37	0.34	0.32	0.22	0.5	0.0	0.56	0.22	0
46	0.69	0.6	0.5	0.31	0.5	0.0	0.55	0.22	0
47	0.35	0.56	0.36	0.3	0.5	0.0	0.53	0.25	0
48	0.84	0.66	0.36	0.78	0.5	0.0	0.49	0.5	0
49	0.51	0.58	0.54	0.29	0.5	0.0	0.53	0.22	0
50	0.55	0.66	0.57	0.32	0.5	0.0	0.57	0.34	0
51	0.48	0.35	0.42	0.21	0.5	0.0	0.57	0.22	0
52	0.62	0.58	0.52	0.15	0.5	0.0	0.52	0.29	0
53	0.44	0.51	0.37	0.15	0.5	0.0	0.51	0.22	0
54	0.5	0.5	0.48	0.17	0.5	0.0	0.47	0.26	0
55	0.49	0.46	0.34	0.21	0.5	0.0	0.55	0.22	0
56	0.7	0.69	0.43	0.33	0.5	0.0	0.58	0.22	0
57	0.45	0.42	0.52	0.2	0.5	0.0	0.5	0.25	0
58	0.51	0.35	0.46	0.15	0.5	0.0	0.51	0.42	0
59	0.42	0.39	0.47	0.13	0.5	0.0	0.5	0.27	0
60	0.32	0.38	0.52	0.2	0.5	0.0	0.52	0.28	0
61	0.59	0.65	0.52	0.3	0.5	0.0	0.46	0.31	0
62	0.41	0.52	0.41	0.11	0.5	0.0	0.54	0.35	0
63	0.37	0.33	0.5	0.12	0.5	0.0	0.51	0.54	0
64	0.45	0.56	0.49	0.17	0.5	0.0	0.52	0.22	0
65	0.6	0.4	0.59	0.18	0.5	0.0	0.48	0.22	0
66	0.91	0.69	0.57	0.45	0.5	0.0	0.56	0.22	0
67	0.38	0.47	0.53	0.12	0.5	0.0	0.48	0.22	0
68	0.59	0.43	0.52	0.19	0.5	0.0	0.55	0.27	0
69	0.64	0.53	0.45	0.13	0.5	0.0	0.53	0.22	0
70	0.49	0.31	0.34	0.13	0.5	0.0	0.52	0.22	0
71	0.52	0.51	0.51	0.12	0.5	0.0	0.51	0.4	0
72	0.49	0.43	0.48	0.15	0.5	0.0	0.55	0.25	0
73	0.49	0.47	0.52	0.16	0.5	0.0	0.53	0.28	0
74	0.48	0.39	0.49	0.18	0.5	0.0	0.51	0.22	0
75	0.44	0.34	0.55	0.18	0.5	0.0	0.52	0.22	0
76	0.49	0.42	0.54	0.17	0.5	0.0	0.5	0.36	0
77	0.2	0.34	0.33	0.1	0.5	0.0	0.48	0.31	0
78	0.74	0.53	0.5	0.08	0.5	0.0	0.55	0.31	0
79	0.69	0.48	0.38	0.15	0.5	0.0	0.55	0.22	0
80	0.3	0.5	0.47	0.11	0.5	0.0	0.46	0.22	0
81	0.44	0.51	0.48	0.38	0.5	0.0	0.52	0.22	0
82	0.31	0.45	0.5	0.17	0.5	0.0	0.49	0.22	0
83	0.55	0.41	0.56	0.21	0.5	0.0	0.52	0.22	0
84	0.4	0.48	0.5	0.17	0.5	0.0	0.54	0.5	0
85	0.58	0.45	0.48	0.24	0.5	0.0	0.52	0.37	0
86	0.58	0.41	0.51	0.26	0.5	0.0	0.51	0.37	0
87	0.69	0.5	0.49	0.42	0.5	0.0	0.49	0.22	0
88	0.38	0.49	0.61	0.13	0.5	0.0	0.54	0.22	0
89	0.21	0.38	0.49	0.16	0.5	0.0	0.51	0.45	0
90	0.57	0.59	0.5	0.58	0.5	0.0	0.53	0.22	0
91	0.48	0.34	0.47	0.14	0.5	0.0	0.47	0.26	0
92	0.35	0.4	0.53	0.18	0.5	0.0	0.42	0.38	0
93	0.47	0.45	0.53	0.62	0.5	0.0	0.46	0.22	0
94	0.53	0.43	0.47	0.15	0.5	0.0	0.58	0.22	0
95	0.46	0.45	0.56	0.16	0.5	0.0	0.56	0.22	0
96	0.48	0.46	0.38	0.29	0.5	0.0	0.53	0.22	0
97	0.56	0.44	0.56	0.19	0.5	0.0	0.54	0.22	0
98	0.51	0.63	0.3	0.35	0.5	0.0	0.53	0.27	0
99	0.53	0.68	0.34	0.42	0.5	0.0	0.54	0.27	0
100	0.33	0.28	0.31	0.24	0.5	0.0	0.53	0.22	0
101	0.85	0.85	0.3	0.31	0.5	0.0	0.55	0.42	0
102	0.61	0.54	0.49	0.16	0.5	0.0	0.54	0.42	0
103	0.55	0.53	0.56	0.29	0.5	0.0	0.48	0.22	0
104	0.66	0.62	0.52	0.17	0.5	0.0	0.49	0.22	0
105	0.44	0.41	0.58	0.2	0.5	0.0	0.57	0.25	0
106	0.34	0.66	0.51	0.16	0.5	0.0	0.47	0.33	1
107	0.4	0.34	0.52	0.17	0.5	0.0	0.47	0.51	1
108	0.58	0.48	0.56	0.1	0.5	0.0	0.46	0.25	1
109	0.58	0.48	0.56	0.12	0.5	0.0	0.46	0.25	1
110	0.41	0.6	0.53	0.29	0.5	0.0	0.47	0.43	1
111	0.6	0.48	0.44	0.52	0.5	0.0	0.54	0.63	1
112	0.47	0.49	0.63	0.17	0.5	0.0	0.31	0.26	1
113	0.28	0.51	0.55	0.11	0.5	0.0	0.46	0.22	1
114	0.56	0.57	0.63	0.39	1.0	0.0	0.59	0.4	1
115	0.46	0.57	0.57	0.15	0.5	0.0	0.52	0.26	1
116	0.43	0.42	0.54	0.22	0.5	0.0	0.57	0.33	1
117	0.44	0.42	0.62	0.14	0.5	0.0	0.55	0.37	1
118	0.37	0.34	0.58	0.24	0.5	0.0	0.44	0.18	1
119	0.37	0.34	0.58	0.24	0.5	0.0	0.44	0.18	1
120	0.39	0.39	0.55	0.52	0.5	0.0	0.37	0.16	1
121	0.39	0.39	0.55	0.52	0.5	0.0	0.37	0.16	1
122	0.48	0.57	0.5	0.09	0.5	0.0	0.52	0.42	1
123	0.61	0.57	0.45	0.21	0.5	0.0	0.5	0.42	1
124	0.37	0.22	0.64	0.35	0.5	0.0	0.47	0.22	1
125	0.51	0.48	0.58	0.22	0.5	0.0	0.5	0.28	1
126	0.49	0.37	0.59	0.17	0.5	0.0	0.51	0.22	1
127	0.51	0.48	0.58	0.22	0.5	0.0	0.5	0.28	1
128	0.53	0.53	0.53	0.17	0.5	0.0	0.49	0.37	1
129	0.29	0.68	0.47	0.26	0.5	0.0	0.47	0.37	1
130	0.5	0.45	0.49	0.15	0.5	0.0	0.55	0.43	1
131	0.43	0.39	0.51	0.28	0.5	0.0	0.4	0.22	1
132	0.34	0.35	0.61	0.19	0.5	0.0	0.52	0.25	1
133	0.44	0.53	0.52	0.37	0.5	0.0	0.5	0.22	1
134	0.44	0.53	0.52	0.37	0.5	0.0	0.5	0.22	1
135	0.32	0.34	0.61	0.17	0.5	0.0	0.52	0.32	1
136	0.34	0.34	0.61	0.18	0.5	0.0	0.52	0.32	1
137	0.54	0.45	0.62	0.13	0.5	0.0	0.52	0.26	1
138	0.56	0.45	0.59	0.14	0.5	0.0	0.51	0.26	1
139	0.45	0.38	0.59	0.18	0.5	0.0	0.44	0.45	1
140	0.42	0.32	0.61	0.13	0.5	0.0	0.14	0.27	1
141	0.5	0.45	0.49	0.3	0.5	0.0	0.47	0.4	1
142	0.23	0.34	0.41	0.28	0.5	0.0	0.5	0.27	1
143	0.34	0.31	0.6	0.37	0.5	0.0	0.5	0.3	1
144	0.59	0.53	0.47	0.26	0.5	0.0	0.53	0.31	1
145	0.57	0.49	0.48	0.16	0.5	0.0	0.51	0.22	1
146	0.43	0.32	0.56	0.27	0.5	0.0	0.47	0.27	1
147	0.52	0.48	0.54	0.28	0.5	0.0	0.54	0.22	1
148	0.43	0.38	0.51	0.24	0.5	0.0	0.46	0.33	1
149	0.78	0.7	0.32	0.23	0.5	0.0	0.53	0.22	0
150	0.55	0.46	0.53	0.11	0.5	0.0	0.52	0.48	0
151	0.45	0.56	0.54	0.32	0.5	0.0	0.57	0.22	0
152	0.45	0.56	0.53	0.32	0.5	0.0	0.57	0.22	0
153	0.29	0.43	0.4	0.15	0.5	0.0	0.53	0.22	0
154	0.52	0.75	0.37	0.14	0.5	0.0	0.46	0.22	0
155	0.71	0.56	0.39	0.27	0.5	0.0	0.52	0.22	0
156	0.58	0.6	0.43	0.12	0.5	0.0	0.55	0.22	0
157	0.54	0.65	0.49	0.34	0.5	0.0	0.52	0.22	0
158	0.57	0.59	0.44	0.16	0.5	0.0	0.52	0.22	0
159	0.59	0.58	0.46	0.19	0.5	0.0	0.56	0.27	0
160	0.92	0.61	0.4	0.22	0.5	0.0	0.54	0.22	0
161	0.55	0.56	0.45	0.14	0.5	0.0	0.54	0.22	0
162	0.63	0.61	0.41	0.22	0.5	0.0	0.51	0.22	0
163	0.58	0.53	0.38	0.18	0.5	0.0	0.52	0.22	0
164	0.36	0.46	0.43	0.19	0.5	0.0	0.48	0.22	0
165	0.32	0.47	0.55	0.12	0.5	0.0	0.52	0.22	0
166	0.34	0.38	0.45	0.19	0.5	0.0	0.51	0.22	0
167	0.62	0.58	0.46	0.13	0.5	0.0	0.53	0.22	0
168	0.53	0.68	0.42	0.19	0.5	0.0	0.53	0.22	0
169	0.73	0.55	0.41	0.16	0.5	0.0	0.46	0.22	0
170	0.77	0.8	0.51	0.4	1.0	0.0	0.54	0.22	0
171	0.77	0.87	0.47	0.37	0.5	0.0	0.48	0.22	0
172	0.35	0.46	0.49	0.15	1.0	0.0	0.55	0.35	0
173	0.43	0.51	0.48	0.14	0.5	0.0	0.5	0.22	0
174	0.57	0.61	0.45	0.26	0.5	0.0	0.5	0.22	0
175	0.63	0.62	0.42	0.12	0.5	0.0	0.52	0.25	0
176	0.25	0.4	0.51	0.18	0.5	0.0	0.5	0.27	0
177	0.56	0.62	0.53	0.24	0.5	0.0	0.57	0.22	0
178	0.58	0.6	0.51	0.24	0.5	0.0	0.53	0.22	0
179	0.71	0.59	0.53	0.15	0.5	0.0	0.49	0.33	0
180	0.46	0.35	0.33	0.17	0.5	0.0	0.55	0.22	0
181	0.54	0.55	0.42	0.22	0.5	0.0	0.48	0.22	0
182	0.39	0.44	0.28	0.12	0.5	0.0	0.46	0.27	0
183	0.81	0.82	0.41	0.36	0.5	0.0	0.39	0.22	0
184	0.69	0.6	0.51	0.13	0.5	0.83	0.52	0.22	0
185	0.46	0.48	0.44	0.21	0.5	0.0	0.55	0.22	0
186	0.35	0.36	0.57	0.17	0.5	0.0	0.52	0.22	0
187	0.74	0.72	0.47	0.25	0.5	0.0	0.57	0.22	0
188	0.42	0.52	0.4	0.17	0.5	0.0	0.5	0.26	0
189	0.91	0.77	0.34	0.47	0.5	0.0	0.52	0.31	0
190	0.81	0.9	0.39	0.41	0.5	0.0	0.53	0.22	0
191	0.45	0.4	0.56	0.14	0.5	0.0	0.54	0.22	0
192	0.47	0.47	0.58	0.16	0.5	0.0	0.49	0.28	0
193	0.41	0.39	0.51	0.52	0.5	0.0	0.49	0.22	0
194	0.37	0.34	0.32	0.22	0.5	0.0	0.56	0.22	0
195	0.69	0.6	0.5	0.31	0.5	0.0	0.55	0.22	0
196	0.35	0.56	0.36	0.3	0.5	0.0	0.53	0.25	0
197	0.84	0.66	0.36	0.78	0.5	0.0	0.49	0.5	0
198	0.51	0.58	0.54	0.29	0.5	0.0	0.53	0.22	0
199	0.55	0.66	0.57	0.32	0.5	0.0	0.57	0.34	0
200	0.48	0.35	0.42	0.21	0.5	0.0	0.57	0.22	0
201	0.62	0.58	0.52	0.15	0.5	0.0	0.52	0.29	0
202	0.44	0.51	0.37	0.15	0.5	0.0	0.51	0.22	0
203	0.5	0.5	0.48	0.17	0.5	0.0	0.47	0.26	0
204	0.49	0.46	0.34	0.21	0.5	0.0	0.55	0.22	0
205	0.7	0.69	0.43	0.33	0.5	0.0	0.58	0.22	0
206	0.45	0.42	0.52	0.2	0.5	0.0	0.5	0.25	0
207	0.51	0.35	0.46	0.15	0.5	0.0	0.51	0.42	0
208	0.42	0.39	0.47	0.13	0.5	0.0	0.5	0.27	0
209	0.32	0.38	0.52	0.2	0.5	0.0	0.52	0.28	0
210	0.59	0.65	0.52	0.3	0.5	0.0	0.46	0.31	0
211	0.41	0.52	0.41	0.11	0.5	0.0	0.54	0.35	0
212	0.37	0.33	0.5	0.12	0.5	0.0	0.51	0.54	0
213	0.45	0.56	0.49	0.17	0.5	0.0	0.52	0.22	0
214	0.6	0.4	0.59	0.18	0.5	0.0	0.48	0.22	0
215	0.91	0.69	0.57	0.45	0.5	0.0	0.56	0.22	0
216	0.38	0.47	0.53	0.12	0.5	0.0	0.48	0.22	0
217	0.59	0.43	0.52	0.19	0.5	0.0	0.55	0.27	0
218	0.64	0.53	0.45	0.13	0.5	0.0	0.53	0.22	0
219	0.49	0.31	0.34	0.13	0.5	0.0	0.52	0.22	0
220	0.52	0.51	0.51	0.12	0.5	0.0	0.51	0.4	0
221	0.49	0.43	0.48	0.15	0.5	0.0	0.55	0.25	0
222	0.49	0.47	0.52	0.16	0.5	0.0	0.53	0.28	0
223	0.48	0.39	0.49	0.18	0.5	0.0	0.51	0.22	0
224	0.44	0.34	0.55	0.18	0.5	0.0	0.52	0.22	0
225	0.49	0.42	0.54	0.17	0.5	0.0	0.5	0.36	0
226	0.2	0.34	0.33	0.1	0.5	0.0	0.48	0.31	0
227	0.74	0.53	0.5	0.08	0.5	0.0	0.55	0.31	0
228	0.69	0.48	0.38	0.15	0.5	0.0	0.55	0.22	0
229	0.3	0.5	0.47	0.11	0.5	0.0	0.46	0.22	0
230	0.44	0.51	0.48	0.38	0.5	0.0	0.52	0.22	0
231	0.31	0.45	0.5	0.17	0.5	0.0	0.49	0.22	0
232	0.55	0.41	0.56	0.21	0.5	0.0	0.52	0.22	0
233	0.4	0.48	0.5	0.17	0.5	0.0	0.54	0.5	0
234	0.58	0.45	0.48	0.24	0.5	0.0	0.52	0.37	0
235	0.58	0.41	0.51	0.26	0.5	0.0	0.51	0.37	0
236	0.69	0.5	0.49	0.42	0.5	0.0	0.49	0.22	0
237	0.38	0.49	0.61	0.13	0.5	0.0	0.54	0.22	0
238	0.21	0.38	0.49	0.16	0.5	0.0	0.51	0.45	0
239	0.57	0.59	0.5	0.58	0.5	0.0	0.53	0.22	0
240	0.48	0.34	0.47	0.14	0.5	0.0	0.47	0.26	0
241	0.35	0.4	0.53	0.18	0.5	0.0	0.42	0.38	0
242	0.47	0.45	0.53	0.62	0.5	0.0	0.46	0.22	0
243	0.53	0.43	0.47	0.15	0.5	0.0	0.58	0.22	0
244	0.46	0.45	0.56	0.16	0.5	0.0	0.56	0.22	0
245	0.48	0.46	0.38	0.29	0.5	0.0	0.53	0.22	0
246	0.56	0.44	0.56	0.19	0.5	0.0	0.54	0.22	0
247	0.51	0.63	0.3	0.35	0.5	0.0	0.53	0.27	0
248	0.53	0.68	0.34	0.42	0.5	0.0	0.54	0.27	0
249	0.33	0.28	0.31	0.24	0.5	0.0	0.53	0.22	0
250	0.85	0.85	0.3	0.31	0.5	0.0	0.55	0.42	0
251	0.61	0.54	0.49	0.16	0.5	0.0	0.54	0.42	0
252	0.55	0.53	0.56	0.29	0.5	0.0	0.48	0.22	0
253	0.66	0.62	0.52	0.17	0.5	0.0	0.49	0.22	0
254	0.44	0.41	0.58	0.2	0.5	0.0	0.57	0.25	0
255	0.34	0.66	0.51	0.16	0.5	0.0	0.47	0.33	1
256	0.4	0.34	0.52	0.17	0.5	0.0	0.47	0.51	1
257	0.58	0.48	0.56	0.1	0.5	0.0	0.46	0.25	1
258	0.58	0.48	0.56	0.12	0.5	0.0	0.46	0.25	1
259	0.41	0.6	0.53	0.29	0.5	0.0	0.47	0.43	1
260	0.6	0.48	0.44	0.52	0.5	0.0	0.54	0.63	1
261	0.47	0.49	0.63	0.17	0.5	0.0	0.31	0.26	1
262	0.28	0.51	0.55	0.11	0.5	0.0	0.46	0.22	1
263	0.56	0.57	0.63	0.39	1.0	0.0	0.59	0.4	1
264	0.46	0.57	0.57	0.15	0.5	0.0	0.52	0.26	1
265	0.43	0.42	0.54	0.22	0.5	0.0	0.57	0.33	1
266	0.44	0.42	0.62	0.14	0.5	0.0	0.55	0.37	1
267	0.37	0.34	0.58	0.24	0.5	0.0	0.44	0.18	1
268	0.37	0.34	0.58	0.24	0.5	0.0	0.44	0.18	1
269	0.39	0.39	0.55	0.52	0.5	0.0	0.37	0.16	1
270	0.39	0.39	0.55	0.52	0.5	0.0	0.37	0.16	1
271	0.48	0.57	0.5	0.09	0.5	0.0	0.52	0.42	1
272	0.61	0.57	0.45	0.21	0.5	0.0	0.5	0.42	1
273	0.37	0.22	0.64	0.35	0.5	0.0	0.47	0.22	1
274	0.51	0.48	0.58	0.22	0.5	0.0	0.5	0.28	1
275	0.49	0.37	0.59	0.17	0.5	0.0	0.51	0.22	1
276	0.51	0.48	0.58	0.22	0.5	0.0	0.5	0.28	1
277	0.53	0.53	0.53	0.17	0.5	0.0	0.49	0.37	1
278	0.29	0.68	0.47	0.26	0.5	0.0	0.47	0.37	1
279	0.5	0.45	0.49	0.15	0.5	0.0	0.55	0.43	1
280	0.43	0.39	0.51	0.28	0.5	0.0	0.4	0.22	1
281	0.34	0.35	0.61	0.19	0.5	0.0	0.52	0.25	1
282	0.44	0.53	0.52	0.37	0.5	0.0	0.5	0.22	1
283	0.44	0.53	0.52	0.37	0.5	0.0	0.5	0.22	1
284	0.32	0.34	0.61	0.17	0.5	0.0	0.52	0.32	1
285	0.34	0.34	0.61	0.18	0.5	0.0	0.52	0.32	1
286	0.54	0.45	0.62	0.13	0.5	0.0	0.52	0.26	1
287	0.56	0.45	0.59	0.14	0.5	0.0	0.51	0.26	1
288	0.45	0.38	0.59	0.18	0.5	0.0	0.44	0.45	1
289	0.42	0.32	0.61	0.13	0.5	0.0	0.14	0.27	1
290	0.5	0.45	0.49	0.3	0.5	0.0	0.47	0.4	1
291	0.23	0.34	0.41	0.28	0.5	0.0	0.5	0.27	1
292	0.34	0.31	0.6	0.37	0.5	0.0	0.5	0.3	1
293	0.59	0.53	0.47	0.26	0.5	0.0	0.53	0.31	1
294	0.57	0.49	0.48	0.16	0.5	0.0	0.51	0.22	1
295	0.43	0.32	0.56	0.27	0.5	0.0	0.47	0.27	1
296	0.52	0.48	0.54	0.28	0.5	0.0	0.54	0.22	1
297	0.43	0.38	0.51	0.24	0.5	0.0	0.46	0.33	1
298	0.78	0.7	0.32	0.23	0.5	0.0	0.53	0.22	0
299	0.55	0.46	0.53	0.11	0.5	0.0	0.52	0.48	0
300	0.45	0.56	0.54	0.32	0.5	0.0	0.57	0.22	0
301	0.45	0.56	0.53	0.32	0.5	0.0	0.57	0.22	0
302	0.29	0.43	0.4	0.15	0.5	0.0	0.53	0.22	0
303	0.52	0.75	0.37	0.14	0.5	0.0	0.46	0.22	0
304	0.71	0.56	0.39	0.27	0.5	0.0	0.52	0.22	0
305	0.58	0.6	0.43	0.12	0.5	0.0	0.55	0.22	0
306	0.54	0.65	0.49	0.34	0.5	0.0	0.52	0.22	0
307	0.57	0.59	0.44	0.16	0.5	0.0	0.52	0.22	0
308	0.59	0.58	0.46	0.19	0.5	0.0	0.56	0.27	0
309	0.92	0.61	0.4	0.22	0.5	0.0	0.54	0.22	0
310	0.55	0.56	0.45	0.14	0.5	0.0	0.54	0.22	0
311	0.63	0.61	0.41	0.22	0.5	0.0	0.51	0.22	0
312	0.58	0.53	0.38	0.18	0.5	0.0	0.52	0.22	0
313	0.36	0.46	0.43	0.19	0.5	0.0	0.48	0.22	0
314	0.32	0.47	0.55	0.12	0.5	0.0	0.52	0.22	0
315	0.34	0.38	0.45	0.19	0.5	0.0	0.51	0.22	0
316	0.62	0.58	0.46	0.13	0.5	0.0	0.53	0.22	0
317	0.53	0.68	0.42	0.19	0.5	0.0	0.53	0.22	0
318	0.73	0.55	0.41	0.16	0.5	0.0	0.46	0.22	0
319	0.77	0.8	0.51	0.4	1.0	0.0	0.54	0.22	0
320	0.77	0.87	0.47	0.37	0.5	0.0	0.48	0.22	0
321	0.35	0.46	0.49	0.15	1.0	0.0	0.55	0.35	0
322	0.43	0.51	0.48	0.14	0.5	0.0	0.5	0.22	0
323	0.57	0.61	0.45	0.26	0.5	0.0	0.5	0.22	0
324	0.63	0.62	0.42	0.12	0.5	0.0	0.52	0.25	0
325	0.25	0.4	0.51	0.18	0.5	0.0	0.5	0.27	0
326	0.56	0.62	0.53	0.24	0.5	0.0	0.57	0.22	0
327	0.58	0.6	0.51	0.24	0.5	0.0	0.53	0.22	0
328	0.71	0.59	0.53	0.15	0.5	0.0	0.49	0.33	0
329	0.46	0.35	0.33	0.17	0.5	0.0	0.55	0.22	0
330	0.54	0.55	0.42	0.22	0.5	0.0	0.48	0.22	0
331	0.39	0.44	0.28	0.12	0.5	0.0	0.46	0.27	0
332	0.81	0.82	0.41	0.36	0.5	0.0	0.39	0.22	0
333	0.69	0.6	0.51	0.13	0.5	0.83	0.52	0.22	0
334	0.46	0.48	0.44	0.21	0.5	0.0	0.55	0.22	0
335	0.35	0.36	0.57	0.17	0.5	0.0	0.52	0.22	0
336	0.74	0.72	0.47	0.25	0.5	0.0	0.57	0.22	0
337	0.42	0.52	0.4	0.17	0.5	0.0	0.5	0.26	0
338	0.91	0.77	0.34	0.47	0.5	0.0	0.52	0.31	0
339	0.81	0.9	0.39	0.41	0.5	0.0	0.53	0.22	0
340	0.45	0.4	0.56	0.14	0.5	0.0	0.54	0.22	0
341	0.47	0.47	0.58	0.16	0.5	0.0	0.49	0.28	0
342	0.41	0.39	0.51	0.52	0.5	0.0	0.49	0.22	0
343	0.37	0.34	0.32	0.22	0.5	0.0	0.56	0.22	0
344	0.69	0.6	0.5	0.31	0.5	0.0	0.55	0.22	0
345	0.35	0.56	0.36	0.3	0.5	0.0	0.53	0.25	0
346	0.84	0.66	0.36	0.78	0.5	0.0	0.49	0.5	0
347	0.51	0.58	0.54	0.29	0.5	0.0	0.53	0.22	0
348	0.55	0.66	0.57	0.32	0.5	0.0	0.57	0.34	0
349	0.48	0.35	0.42	0.21	0.5	0.0	0.57	0.22	0
350	0.62	0.58	0.52	0.15	0.5	0.0	0.52	0.29	0
351	0.44	0.51	0.37	0.15	0.5	0.0	0.51	0.22	0
352	0.5	0.5	0.48	0.17	0.5	0.0	0.47	0.26	0
353	0.49	0.46	0.34	0.21	0.5	0.0	0.55	0.22	0
354	0.7	0.69	0.43	0.33	0.5	0.0	0.58	0.22	0
355	0.45	0.42	0.52	0.2	0.5	0.0	0.5	0.25	0
356	0.51	0.35	0.46	0.15	0.5	0.0	0.51	0.42	0
357	0.42	0.39	0.47	0.13	0.5	0.0	0.5	0.27	0
358	0.32	0.38	0.52	0.2	0.5	0.0	0.52	0.28	0
359	0.59	0.65	0.52	0.3	0.5	0.0	0.46	0.31	0
360	0.41	0.52	0.41	0.11	0.5	0.0	0.54	0.35	0
361	0.37	0.33	0.5	0.12	0.5	0.0	0.51	0.54	0
362	0.45	0.56	0.49	0.17	0.5	0.0	0.52	0.22	0
363	0.6	0.4	0.59	0.18	0.5	0.0	0.48	0.22	0
364	0.91	0.69	0.57	0.45	0.5	0.0	0.56	0.22	0
365	0.38	0.47	0.53	0.12	0.5	0.0	0.48	0.22	0
366	0.59	0.43	0.52	0.19	0.5	0.0	0.55	0.27	0
367	0.64	0.53	0.45	0.13	0.5	0.0	0.53	0.22	0
368	0.49	0.31	0.34	0.13	0.5	0.0	0.52	0.22	0
369	0.52	0.51	0.51	0.12	0.5	0.0	0.51	0.4	0
370	0.49	0.43	0.48	0.15	0.5	0.0	0.55	0.25	0
371	0.49	0.47	0.52	0.16	0.5	0.0	0.53	0.28	0
372	0.48	0.39	0.49	0.18	0.5	0.0	0.51	0.22	0
373	0.44	0.34	0.55	0.18	0.5	0.0	0.52	0.22	0
374	0.49	0.42	0.54	0.17	0.5	0.0	0.5	0.36	0
375	0.2	0.34	0.33	0.1	0.5	0.0	0.48	0.31	0
376	0.74	0.53	0.5	0.08	0.5	0.0	0.55	0.31	0
377	0.69	0.48	0.38	0.15	0.5	0.0	0.55	0.22	0
378	0.3	0.5	0.47	0.11	0.5	0.0	0.46	0.22	0
379	0.44	0.51	0.48	0.38	0.5	0.0	0.52	0.22	0
380	0.31	0.45	0.5	0.17	0.5	0.0	0.49	0.22	0
381	0.55	0.41	0.56	0.21	0.5	0.0	0.52	0.22	0
382	0.4	0.48	0.5	0.17	0.5	0.0	0.54	0.5	0
383	0.58	0.45	0.48	0.24	0.5	0.0	0.52	0.37	0
384	0.58	0.41	0.51	0.26	0.5	0.0	0.51	0.37	0
385	0.69	0.5	0.49	0.42	0.5	0.0	0.49	0.22	0
386	0.38	0.49	0.61	0.13	0.5	0.0	0.54	0.22	0
387	0.21	0.38	0.49	0.16	0.5	0.0	0.51	0.45	0
388	0.57	0.59	0.5	0.58	0.5	0.0	0.53	0.22	0
389	0.48	0.34	0.47	0.14	0.5	0.0	0.47	0.26	0
390	0.35	0.4	0.53	0.18	0.5	0.0	0.42	0.38	0
391	0.47	0.45	0.53	0.62	0.5	0.0	0.46	0.22	0
392	0.53	0.43	0.47	0.15	0.5	0.0	0.58	0.22	0
393	0.46	0.45	0.56	0.16	0.5	0.0	0.56	0.22	0
394	0.48	0.46	0.38	0.29	0.5	0.0	0.53	0.22	0
395	0.56	0.44	0.56	0.19	0.5	0.0	0.54	0.22	0
396	0.51	0.63	0.3	0.35	0.5	0.0	0.53	0.27	0
397	0.53	0.68	0.34	0.42	0.5	0.0	0.54	0.27	0
398	0.33	0.28	0.31	0.24	0.5	0.0	0.53	0.22	0
399	0.85	0.85	0.3	0.31	0.5	0.0	0.55	0.42	0
400	0.61	0.54	0.49	0.16	0.5	0.0	0.54	0.42	0
401	0.55	0.53	0.56	0.29	0.5	0.0	0.48	0.22	0
402	0.66	0.62	0.52	0.17	0.5	0.0	0.49	0.22	0
403	0.44	0.41	0.58	0.2	0.5	0.0	0.57	0.25	0
404	0.34	0.66	0.51	0.16	0.5	0.0	0.47	0.33	1
405	0.4	0.34	0.52	0.17	0.5	0.0	0.47	0.51	1
406	0.58	0.48	0.56	0.1	0.5	0.0	0.46	0.25	1
407	0.58	0.48	0.56	0.12	0.5	0.0	0.46	0.25	1
408	0.41	0.6	0.53	0.29	0.5	0.0	0.47	0.43	1
409	0.6	0.48	0.44	0.52	0.5	0.0	0.54	0.63	1
410	0.47	0.49	0.63	0.17	0.5	0.0	0.31	0.26	1
411	0.28	0.51	0.55	0.11	0.5	0.0	0.46	0.22	1
412	0.56	0.57	0.63	0.39	1.0	0.0	0.59	0.4	1
413	0.46	0.57	0.57	0.15	0.5	0.0	0.52	0.26	1
414	0.43	0.42	0.54	0.22	0.5	0.0	0.57	0.33	1
415	0.44	0.42	0.62	0.14	0.5	0.0	0.55	0.37	1
416	0.37	0.34	0.58	0.24	0.5	0.0	0.44	0.18	1
417	0.37	0.34	0.58	0.24	0.5	0.0	0.44	0.18	1
418	0.39	0.39	0.55	0.52	0.5	0.0	0.37	0.16	1
419	0.39	0.39	0.55	0.52	0.5	0.0	0.37	0.16	1
420	0.48	0.57	0.5	0.09	0.5	0.0	0.52	0.42	1
421	0.61	0.57	0.45	0.21	0.5	0.0	0.5	0.42	1
422	0.37	0.22	0.64	0.35	0.5	0.0	0.47	0.22	1
423	0.51	0.48	0.58	0.22	0.5	0.0	0.5	0.28	1
424	0.49	0.37	0.59	0.17	0.5	0.0	0.51	0.22	1
425	0.51	0.48	0.58	0.22	0.5	0.0	0.5	0.28	1
426	0.53	0.53	0.53	0.17	0.5	0.0	0.49	0.37	1
427	0.29	0.68	0.47	0.26	0.5	0.0	0.47	0.37	1
428	0.5	0.45	0.49	0.15	0.5	0.0	0.55	0.43	1
429	0.43	0.39	0.51	0.28	0.5	0.0	0.4	0.22	1
430	0.34	0.35	0.61	0.19	0.5	0.0	0.52	0.25	1
431	0.44	0.53	0.52	0.37	0.5	0.0	0.5	0.22	1
432	0.44	0.53	0.52	0.37	0.5	0.0	0.5	0.22	1
433	0.32	0.34	0.61	0.17	0.5	0.0	0.52	0.32	1
434	0.34	0.34	0.61	0.18	0.5	0.0	0.52	0.32	1
435	0.54	0.45	0.62	0.13	0.5	0.0	0.52	0.26	1
436	0.56	0.45	0.59	0.14	0.5	0.0	0.51	0.26	1
437	0.45	0.38	0.59	0.18	0.5	0.0	0.44	0.45	1
438	0.42	0.32	0.61	0.13	0.5	0.0	0.14	0.27	1
439	0.5	0.45	0.49	0.3	0.5	0.0	0.47	0.4	1
440	0.23	0.34	0.41	0.28	0.5	0.0	0.5	0.27	1
441	0.34	0.31	0.6	0.37	0.5	0.0	0.5	0.3	1
442	0.59	0.53	0.47	0.26	0.5	0.0	0.53	0.31	1
443	0.57	0.49	0.48	0.16	0.5	0.0	0.51	0.22	1
444	0.43	0.32	0.56	0.27	0.5	0.0	0.47	0.27	1
445	0.52	0.48	0.54	0.28	0.5	0.0	0.54	0.22	1
446	0.43	0.38	0.51	0.24	0.5	0.0	0.46	0.33	1
447	0.78	0.7	0.32	0.23	0.5	0.0	0.53	0.22	0
448	0.55	0.46	0.53	0.11	0.5	0.0	0.52	0.48	0
449	0.45	0.56	0.54	0.32	0.5	0.0	0.57	0.22	0
450	0.45	0.56	0.53	0.32	0.5	0.0	0.57	0.22	0
451	0.29	0.43	0.4	0.15	0.5	0.0	0.53	0.22	0
452	0.52	0.75	0.37	0.14	0.5	0.0	0.46	0.22	0
453	0.71	0.56	0.39	0.27	0.5	0.0	0.52	0.22	0
454	0.58	0.6	0.43	0.12	0.5	0.0	0.55	0.22	0
455	0.54	0.65	0.49	0.34	0.5	0.0	0.52	0.22	0
456	0.57	0.59	0.44	0.16	0.5	0.0	0.52	0.22	0
457	0.59	0.58	0.46	0.19	0.5	0.0	0.56	0.27	0
458	0.92	0.61	0.4	0.22	0.5	0.0	0.54	0.22	0
459	0.55	0.56	0.45	0.14	0.5	0.0	0.54	0.22	0
460	0.63	0.61	0.41	0.22	0.5	0.0	0.51	0.22	0
461	0.58	0.53	0.38	0.18	0.5	0.0	0.52	0.22	0
462	0.36	0.46	0.43	0.19	0.5	0.0	0.48	0.22	0
463	0.32	0.47	0.55	0.12	0.5	0.0	0.52	0.22	0
464	0.34	0.38	0.45	0.19	0.5	0.0	0.51	0.22	0
465	0.62	0.58	0.46	0.13	0.5	0.0	0.53	0.22	0
466	0.53	0.68	0.42	0.19	0.5	0.0	0.53	0.22	0
467	0.73	0.55	0.41	0.16	0.5	0.0	0.46	0.22	0
468	0.77	0.8	0.51	0.4	1.0	0.0	0.54	0.22	0
469	0.77	0.87	0.47	0.37	0.5	0.0	0.48	0.22	0
470	0.35	0.46	0.49	0.15	1.0	0.0	0.55	0.35	0
471	0.43	0.51	0.48	0.14	0.5	0.0	0.5	0.22	0
472	0.57	0.61	0.45	0.26	0.5	0.0	0.5	0.22	0
473	0.63	0.62	0.42	0.12	0.5	0.0	0.52	0.25	0
474	0.25	0.4	0.51	0.18	0.5	0.0	0.5	0.27	0
475	0.56	0.62	0.53	0.24	0.5	0.0	0.57	0.22	0
476	0.58	0.6	0.51	0.24	0.5	0.0	0.53	0.22	0
477	0.71	0.59	0.53	0.15	0.5	0.0	0.49	0.33	0
478	0.46	0.35	0.33	0.17	0.5	0.0	0.55	0.22	0
479	0.54	0.55	0.42	0.22	0.5	0.0	0.48	0.22	0
480	0.39	0.44	0.28	0.12	0.5	0.0	0.46	0.27	0
481	0.81	0.82	0.41	0.36	0.5	0.0	0.39	0.22	0
482	0.69	0.6	0.51	0.13	0.5	0.83	0.52	0.22	0
483	0.46	0.48	0.44	0.21	0.5	0.0	0.55	0.22	0
484	0.35	0.36	0.57	0.17	0.5	0.0	0.52	0.22	0
485	0.74	0.72	0.47	0.25	0.5	0.0	0.57	0.22	0
486	0.42	0.52	0.4	0.17	0.5	0.0	0.5	0.26	0
487	0.91	0.77	0.34	0.47	0.5	0.0	0.52	0.31	0
488	0.81	0.9	0.39	0.41	0.5	0.0	0.53	0.22	0
489	0.45	0.4	0.56	0.14	0.5	0.0	0.54	0.22	0
490	0.47	0.47	0.58	0.16	0.5	0.0	0.49	0.28	0
491	0.41	0.39	0.51	0.52	0.5	0.0	0.49	0.22	0
492	0.37	0.34	0.32	0.22	0.5	0.0	0.56	0.22	0
493	0.69	0.6	0.5	0.31	0.5	0.0	0.55	0.22	0
494	0.35	0.56	0.36	0.3	0.5	0.0	0.53	0.25	0
495	0.84	0.66	0.36	0.78	0.5	0.0	0.49	0.5	0
496	0.51	0.58	0.54	0.29	0.5	0.0	0.53	0.22	0
497	0.55	0.66	0.57	0.32	0.5	0.0	0.57	0.34	0
498	0.48	0.35	0.42	0.21	0.5	0.0	0.57	0.22	0
499	0.62	0.58	0.52	0.15	0.5	0.0	0.52	0.29	0
500	0.44	0.51	0.37	0.15	0.5	0.0	0.51	0.22	0
501	0.5	0.5	0.48	0.17	0.5	0.0	0.47	0.26	0
502	0.49	0.46	0.34	0.21	0.5	0.0	0.55	0.22	0
503	0.7	0.69	0.43	0.33	0.5	0.0	0.58	0.22	0
504	0.45	0.42	0.52	0.2	0.5	0.0	0.5	0.25	0
505	0.51	0.35	0.46	0.15	0.5	0.0	0.51	0.42	0
506	0.42	0.39	0.47	0.13	0.5	0.0	0.5	0.27	0
507	0.32	0.38	0.52	0.2	0.5	0.0	0.52	0.28	0
508	0.59	0.65	0.52	0.3	0.5	0.0	0.46	0.31	0
509	0.41	0.52	0.41	0.11	0.5	0.0	0.54	0.35	0
510	0.37	0.33	0.5	0.12	0.5	0.0	0.51	0.54	0
511	0.45	0.56	0.49	0.17	0.5	0.0	0.52	0.22	0
512	0.6	0.4	0.59	0.18	0.5	0.0	0.48	0.22	0
513	0.91	0.69	0.57	0.45	0.5	0.0	0.56	0.22	0
514	0.38	0.47	0.53	0.12	0.5	0.0	0.48	0.22	0
515	0.59	0.43	0.52	0.19	0.5	0.0	0.55	0.27	0
516	0.64	0.53	0.45	0.13	0.5	0.0	0.53	0.22	0
517	0.49	0.31	0.34	0.13	0.5	0.0	0.52	0.22	0
518	0.52	0.51	0.51	0.12	0.5	0.0	0.51	0.4	0
519	0.49	0.43	0.48	0.15	0.5	0.0	0.55	0.25	0
520	0.49	0.47	0.52	0.16	0.5	0.0	0.53	0.28	0
521	0.48	0.39	0.49	0.18	0.5	0.0	0.51	0.22	0
522	0.44	0.34	0.55	0.18	0.5	0.0	0.52	0.22	0
523	0.49	0.42	0.54	0.17	0.5	0.0	0.5	0.36	0
524	0.2	0.34	0.33	0.1	0.5	0.0	0.48	0.31	0
525	0.74	0.53	0.5	0.08	0.5	0.0	0.55	0.31	0
526	0.69	0.48	0.38	0.15	0.5	0.0	0.55	0.22	0
527	0.3	0.5	0.47	0.11	0.5	0.0	0.46	0.22	0
528	0.44	0.51	0.48	0.38	0.5	0.0	0.52	0.22	0
529	0.31	0.45	0.5	0.17	0.5	0.0	0.49	0.22	0
530	0.55	0.41	0.56	0.21	0.5	0.0	0.52	0.22	0
531	0.4	0.48	0.5	0.17	0.5	0.0	0.54	0.5	0
532	0.58	0.45	0.48	0.24	0.5	0.0	0.52	0.37	0
533	0.58	0.41	0.51	0.26	0.5	0.0	0.51	0.37	0
534	0.69	0.5	0.49	0.42	0.5	0.0	0.49	0.22	0
535	0.38	0.49	0.61	0.13	0.5	0.0	0.54	0.22	0
536	0.21	0.38	0.49	0.16	0.5	0.0	0.51	0.45	0
537	0.57	0.59	0.5	0.58	0.5	0.0	0.53	0.22	0
538	0.48	0.34	0.47	0.14	0.5	0.0	0.47	0.26	0
539	0.35	0.4	0.53	0.18	0.5	0.0	0.42	0.38	0
540	0.47	0.45	0.53	0.62	0.5	0.0	0.46	0.22	0
541	0.53	0.43	0.47	0.15	0.5	0.0	0.58	0.22	0
542	0.46	0.45	0.56	0.16	0.5	0.0	0.56	0.22	0
543	0.48	0.46	0.38	0.29	0.5	0.0	0.53	0.22	0
544	0.56	0.44	0.56	0.19	0.5	0.0	0.54	0.22	0
545	0.51	0.63	0.3	0.35	0.5	0.0	0.53	0.27	0
546	0.53	0.68	0.34	0.42	0.5	0.0	0.54	0.27	0
547	0.33	0.28	0.31	0.24	0.5	0.0	0.53	0.22	0
548	0.85	0.85	0.3	0.31	0.5	0.0	0.55	0.42	0
549	0.61	0.54	0.49	0.16	0.5	0.0	0.54	0.42	0
550	0.55	0.53	0.56	0.29	0.5	0.0	0.48	0.22	0
551	0.66	0.62	0.52	0.17	0.5	0.0	0.49	0.22	0
552	0.44	0.41	0.58	0.2	0.5	0.0	0.57	0.25	0
553	0.34	0.66	0.51	0.16	0.5	0.0	0.47	0.33	1
554	0.4	0.34	0.52	0.17	0.5	0.0	0.47	0.51	1
555	0.58	0.48	0.56	0.1	0.5	0.0	0.46	0.25	1
556	0.58	0.48	0.56	0.12	0.5	0.0	0.46	0.25	1
557	0.41	0.6	0.53	0.29	0.5	0.0	0.47	0.43	1
558	0.6	0.48	0.44	0.52	0.5	0.0	0.54	0.63	1
559	0.47	0.49	0.63	0.17	0.5	0.0	0.31	0.26	1
560	0.28	0.51	0.55	0.11	0.5	0.0	0.46	0.22	1
561	0.56	0.57	0.63	0.39	1.0	0.0	0.59	0.4	1
562	0.46	0.57	0.57	0.15	0.5	0.0	0.52	0.26	1
563	0.43	0.42	0.54	0.22	0.5	0.0	0.57	0.33	1
564	0.44	0.42	0.62	0.14	0.5	0.0	0.55	0.37	1
565	0.37	0.34	0.58	0.24	0.5	0.0	0.44	0.18	1
566	0.37	0.34	0.58	0.24	0.5	0.0	0.44	0.18	1
567	0.39	0.39	0.55	0.52	0.5	0.0	0.37	0.16	1
568	0.39	0.39	0.55	0.52	0.5	0.0	0.37	0.16	1
569	0.48	0.57	0.5	0.09	0.5	0.0	0.52	0.42	1
570	0.61	0.57	0.45	0.21	0.5	0.0	0.5	0.42	1
571	0.37	0.22	0.64	0.35	0.5	0.0	0.47	0.22	1
572	0.51	0.48	0.58	0.22	0.5	0.0	0.5	0.28	1
573	0.49	0.37	0.59	0.17	0.5	0.0	0.51	0.22	1
574	0.51	0.48	0.58	0.22	0.5	0.0	0.5	0.28	1
575	0.53	0.53	0.53	0.17	0.5	0.0	0.49	0.37	1
576	0.29	0.68	0.47	0.26	0.5	0.0	0.47	0.37	1
577	0.5	0.45	0.49	0.15	0.5	0.0	0.55	0.43	1
578	0.43	0.39	0.51	0.28	0.5	0.0	0.4	0.22	1
579	0.34	0.35	0.61	0.19	0.5	0.0	0.52	0.25	1
580	0.44	0.53	0.52	0.37	0.5	0.0	0.5	0.22	1
581	0.44	0.53	0.52	0.37	0.5	0.0	0.5	0.22	1
582	0.32	0.34	0.61	0.17	0.5	0.0	0.52	0.32	1
583	0.34	0.34	0.61	0.18	0.5	0.0	0.52	0.32	1
584	0.54	0.45	0.62	0.13	0.5	0.0	0.52	0.26	1
585	0.56	0.45	0.59	0.14	0.5	0.0	0.51	0.26	1
586	0.45	0.38	0.59	0.18	0.5	0.0	0.44	0.45	1
587	0.42	0.32	0.61	0.13	0.5	0.0	0.14	0.27	1
588	0.5	0.45	0.49	0.3	0.5	0.0	0.47	0.4	1
589	0.23	0.34	0.41	0.28	0.5	0.0	0.5	0.27	1
590	0.34	0.31	0.6	0.37	0.5	0.0	0.5	0.3	1
591	0.59	0.53	0.47	0.26	0.5	0.0	0.53	0.31	1
592	0.57	0.49	0.48	0.16	0.5	0.0	0.51	0.22	1
593	0.43	0.32	0.56	0.27	0.5	0.0	0.47	0.27	1
594	0.52	0.48	0.54	0.28	0.5	0.0	0.54	0.22	1
595	0.43	0.38	0.51	0.24	0.5	0.0	0.46	0.33	1
596	0.78	0.7	0.32	0.23	0.5	0.0	0.53	0.22	0
597	0.55	0.46	0.53	0.11	0.5	0.0	0.52	0.48	0
598	0.45	0.56	0.54	0.32	0.5	0.0	0.57	0.22	0
599	0.45	0.56	0.53	0.32	0.5	0.0	0.57	0.22	0
600	0.29	0.43	0.4	0.15	0.5	0.0	0.53	0.22	0
601	0.52	0.75	0.37	0.14	0.5	0.0	0.46	0.22	0
602	0.71	0.56	0.39	0.27	0.5	0.0	0.52	0.22	0
603	0.58	0.6	0.43	0.12	0.5	0.0	0.55	0.22	0
604	0.54	0.65	0.49	0.34	0.5	0.0	0.52	0.22	0
605	0.57	0.59	0.44	0.16	0.5	0.0	0.52	0.22	0
606	0.59	0.58	0.46	0.19	0.5	0.0	0.56	0.27	0
607	0.92	0.61	0.4	0.22	0.5	0.0	0.54	0.22	0
608	0.55	0.56	0.45	0.14	0.5	0.0	0.54	0.22	0
609	0.63	0.61	0.41	0.22	0.5	0.0	0.51	0.22	0
610	0.58	0.53	0.38	0.18	0.5	0.0	0.52	0.22	0
611	0.36	0.46	0.43	0.19	0.5	0.0	0.48	0.22	0
612	0.32	0.47	0.55	0.12	0.5	0.0	0.52	0.22	0
613	0.34	0.38	0.45	0.19	0.5	0.0	0.51	0.22	0
614	0.62	0.58	0.46	0.13	0.5	0.0	0.53	0.22	0
615	0.53	0.68	0.42	0.19	0.5	0.0	0.53	0.22	0
616	0.73	0.55	0.41	0.16	0.5	0.0	0.46	0.22	0
617	0.77	0.8	0.51	0.4	1.0	0.0	0.54	0.22	0
618	0.77	0.87	0.47	0.37	0.5	0.0	0.48	0.22	0
619	0.35	0.46	0.49	0.15	1.0	0.0	0.55	0.35	0
620	0.43	0.51	0.48	0.14	0.5	0.0	0.5	0.22	0
621	0.57	0.61	0.45	0.26	0.5	0.0	0.5	0.22	0
622	0.63	0.62	0.42	0.12	0.5	0.0	0.52	0.25	0
623	0.25	0.4	0.51	0.18	0.5	0.0	0.5	0.27	0
624	0.56	0.62	0.53	0.24	0.5	0.0	0.57	0.22	0
625	0.58	0.6	0.51	0.24	0.5	0.0	0.53	0.22	0
626	0.71	0.59	0.53	0.15	0.5	0.0	0.49	0.33	0
627	0.46	0.35	0.33	0.17	0.5	0.0	0.55	0.22	0
628	0.54	0.55	0.42	0.22	0.5	0.0	0.48	0.22	0
629	0.39	0.44	0.28	0.12	0.5	0.0	0.46	0.27	0
630	0.81	0.82	0.41	0.36	0.5	0.0	0.39	0.22	0
631	0.69	0.6	0.51	0.13	0.5	0.83	0.52	0.22	0
632	0.46	0.48	0.44	0.21	0.5	0.0	0.55	0.22	0
633	0.35	0.36	0.57	0.17	0.5	0.0	0.52	0.22	0
634	0.74	0.72	0.47	0.25	0.5	0.0	0.57	0.22	0
635	0.42	0.52	0.4	0.17	0.5	0.0	0.5	0.26	0
636	0.91	0.77	0.34	0.47	0.5	0.0	0.52	0.31	0
637	0.81	0.9	0.39	0.41	0.5	0.0	0.53	0.22	0
638	0.45	0.4	0.56	0.14	0.5	0.0	0.54	0.22	0
639	0.47	0.47	0.58	0.16	0.5	0.0	0.49	0.28	0
640	0.41	0.39	0.51	0.52	0.5	0.0	0.49	0.22	0
641	0.37	0.34	0.32	0.22	0.5	0.0	0.56	0.22	0
642	0.69	0.6	0.5	0.31	0.5	0.0	0.55	0.22	0
643	0.35	0.56	0.36	0.3	0.5	0.0	0.53	0.25	0
644	0.84	0.66	0.36	0.78	0.5	0.0	0.49	0.5	0
645	0.51	0.58	0.54	0.29	0.5	0.0	0.53	0.22	0
646	0.55	0.66	0.57	0.32	0.5	0.0	0.57	0.34	0
647	0.48	0.35	0.42	0.21	0.5	0.0	0.57	0.22	0
648	0.62	0.58	0.52	0.15	0.5	0.0	0.52	0.29	0
649	0.44	0.51	0.37	0.15	0.5	0.0	0.51	0.22	0
650	0.5	0.5	0.48	0.17	0.5	0.0	0.47	0.26	0
651	0.49	0.46	0.34	0.21	0.5	0.0	0.55	0.22	0
652	0.7	0.69	0.43	0.33	0.5	0.0	0.58	0.22	0
653	0.45	0.42	0.52	0.2	0.5	0.0	0.5	0.25	0
654	0.51	0.35	0.46	0.15	0.5	0.0	0.51	0.42	0
655	0.42	0.39	0.47	0.13	0.5	0.0	0.5	0.27	0
656	0.32	0.38	0.52	0.2	0.5	0.0	0.52	0.28	0
657	0.59	0.65	0.52	0.3	0.5	0.0	0.46	0.31	0
658	0.41	0.52	0.41	0.11	0.5	0.0	0.54	0.35	0
659	0.37	0.33	0.5	0.12	0.5	0.0	0.51	0.54	0
660	0.45	0.56	0.49	0.17	0.5	0.0	0.52	0.22	0
661	0.6	0.4	0.59	0.18	0.5	0.0	0.48	0.22	0
662	0.91	0.69	0.57	0.45	0.5	0.0	0.56	0.22	0
663	0.38	0.47	0.53	0.12	0.5	0.0	0.48	0.22	0
664	0.59	0.43	0.52	0.19	0.5	0.0	0.55	0.27	0
665	0.64	0.53	0.45	0.13	0.5	0.0	0.53	0.22	0
666	0.49	0.31	0.34	0.13	0.5	0.0	0.52	0.22	0
667	0.52	0.51	0.51	0.12	0.5	0.0	0.51	0.4	0
668	0.49	0.43	0.48	0.15	0.5	0.0	0.55	0.25	0
669	0.49	0.47	0.52	0.16	0.5	0.0	0.53	0.28	0
670	0.48	0.39	0.49	0.18	0.5	0.0	0.51	0.22	0
671	0.44	0.34	0.55	0.18	0.5	0.0	0.52	0.22	0
672	0.49	0.42	0.54	0.17	0.5	0.0	0.5	0.36	0
673	0.2	0.34	0.33	0.1	0.5	0.0	0.48	0.31	0
674	0.74	0.53	0.5	0.08	0.5	0.0	0.55	0.31	0
675	0.69	0.48	0.38	0.15	0.5	0.0	0.55	0.22	0
676	0.3	0.5	0.47	0.11	0.5	0.0	0.46	0.22	0
677	0.44	0.51	0.48	0.38	0.5	0.0	0.52	0.22	0
678	0.31	0.45	0.5	0.17	0.5	0.0	0.49	0.22	0
679	0.55	0.41	0.56	0.21	0.5	0.0	0.52	0.22	0
680	0.4	0.48	0.5	0.17	0.5	0.0	0.54	0.5	0
681	0.58	0.45	0.48	0.24	0.5	0.0	0.52	0.37	0
682	0.58	0.41	0.51	0.26	0.5	0.0	0.51	0.37	0
683	0.69	0.5	0.49	0.42	0.5	0.0	0.49	0.22	0
684	0.38	0.49	0.61	0.13	0.5	0.0	0.54	0.22	0
685	0.21	0.38	0.49	0.16	0.5	0.0	0.51	0.45	0
686	0.57	0.59	0.5	0.58	0.5	0.0	0.53	0.22	0
687	0.48	0.34	0.47	0.14	0.5	0.0	0.47	0.26	0
688	0.35	0.4	0.53	0.18	0.5	0.0	0.42	0.38	0
689	0.47	0.45	0.53	0.62	0.5	0.0	0.46	0.22	0
690	0.53	0.43	0.47	0.15	0.5	0.0	0.58	0.22	0
691	0.46	0.45	0.56	0.16	0.5	0.0	0.56	0.22	0
692	0.48	0.46	0.38	0.29	0.5	0.0	0.53	0.22	0
693	0.56	0.44	0.56	0.19	0.5	0.0	0.54	0.22	0
694	0.51	0.63	0.3	0.35	0.5	0.0	0.53	0.27	0
695	0.53	0.68	0.34	0.42	0.5	0.0	0.54	0.27	0
696	0.33	0.28	0.31	0.24	0.5	0.0	0.53	0.22	0
697	0.85	0.85	0.3	0.31	0.5	0.0	0.55	0.42	0
698	0.61	0.54	0.49	0.16	0.5	0.0	0.54	0.42	0
699	0.55	0.53	0.56	0.29	0.5	0.0	0.48	0.22	0
700	0.66	0.62	0.52	0.17	0.5	0.0	0.49	0.22	0
701	0.44	0.41	0.58	0.2	0.5	0.0	0.57	0.25	0
702	0.34	0.66	0.51	0.16	0.5	0.0	0.47	0.33	1
703	0.4	0.34	0.52	0.17	0.5	0.0	0.47	0.51	1
704	0.58	0.48	0.56	0.1	0.5	0.0	0.46	0.25	1
705	0.58	0.48	0.56	0.12	0.5	0.0	0.46	0.25	1
706	0.41	0.6	0.53	0.29	0.5	0.0	0.47	0.43	1
707	0.6	0.48	0.44	0.52	0.5	0.0	0.54	0.63	1
708	0.47	0.49	0.63	0.17	0.5	0.0	0.31	0.26	1
709	0.28	0.51	0.55	0.11	0.5	0.0	0.46	0.22	1
710	0.56	0.57	0.63	0.39	1.0	0.0	0.59	0.4	1
711	0.46	0.57	0.57	0.15	0.5	0.0	0.52	0.26	1
712	0.43	0.42	0.54	0.22	0.5	0.0	0.57	0.33	1
713	0.44	0.42	0.62	0.14	0.5	0.0	0.55	0.37	1
714	0.37	0.34	0.58	0.24	0.5	0.0	0.44	0.18	1
715	0.37	0.34	0.58	0.24	0.5	0.0	0.44	0.18	1
716	0.39	0.39	0.55	0.52	0.5	0.0	0.37	0.16	1
717	0.39	0.39	0.55	0.52	0.5	0.0	0.37	0.16	1
718	0.48	0.57	0.5	0.09	0.5	0.0	0.52	0.42	1
719	0.61	0.57	0.45	0.21	0.5	0.0	0.5	0.42	1
720	0.37	0.22	0.64	0.35	0.5	0.0	0.47	0.22	1
721	0.51	0.48	0.58	0.22	0.5	0.0	0.5	0.28	1
722	0.49	0.37	0.59	0.17	0.5	0.0	0.51	0.22	1
723	0.51	0.48	0.58	0.22	0.5	0.0	0.5	0.28	1
724	0.53	0.53	0.53	0.17	0.5	0.0	0.49	0.37	1
725	0.29	0.68	0.47	0.26	0.5	0.0	0.47	0.37	1
726	0.5	0.45	0.49	0.15	0.5	0.0	0.55	0.43	1
727	0.43	0.39	0.51	0.28	0.5	0.0	0.4	0.22	1
728	0.34	0.35	0.61	0.19	0.5	0.0	0.52	0.25	1
729	0.44	0.53	0.52	0.37	0.5	0.0	0.5	0.22	1
730	0.44	0.53	0.52	0.37	0.5	0.0	0.5	0.22	1
731	0.32	0.34	0.61	0.17	0.5	0.0	0.52	0.32	1
732	0.34	0.34	0.61	0.18	0.5	0.0	0.52	0.32	1
733	0.54	0.45	0.62	0.13	0.5	0.0	0.52	0.26	1
734	0.56	0.45	0.59	0.14	0.5	0.0	0.51	0.26	1
735	0.45	0.38	0.59	0.18	0.5	0.0	0.44	0.45	1
736	0.42	0.32	0.61	0.13	0.5	0.0	0.14	0.27	1
737	0.5	0.45	0.49	0.3	0.5	0.0	0.47	0.4	1
738	0.23	0.34	0.41	0.28	0.5	0.0	0.5	0.27	1
739	0.34	0.31	0.6	0.37	0.5	0.0	0.5	0.3	1
740	0.59	0.53	0.47	0.26	0.5	0.0	0.53	0.31	1
741	0.57	0.49	0.48	0.16	0.5	0.0	0.51	0.22	1
742	0.43	0.32	0.56	0.27	0.5	0.0	0.47	0.27	1
743	0.52	0.48	0.54	0.28	0.5	0.0	0.54	0.22	1
744	0.43	0.38	0.51	0.24	0.5	0.0	0.46	0.33	1
745	0.78	0.7	0.32	0.23	0.5	0.0	0.53	0.22	0
746	0.55	0.46	0.53	0.11	0.5	0.0	0.52	0.48	0
747	0.45	0.56	0.54	0.32	0.5	0.0	0.57	0.22	0
748	0.45	0.56	0.53	0.32	0.5	0.0	0.57	0.22	0
749	0.29	0.43	0.4	0.15	0.5	0.0	0.53	0.22	0
750	0.52	0.75	0.37	0.14	0.5	0.0	0.46	0.22	0
751	0.71	0.56	0.39	0.27	0.5	0.0	0.52	0.22	0
752	0.58	0.6	0.43	0.12	0.5	0.0	0.55	0.22	0
753	0.54	0.65	0.49	0.34	0.5	0.0	0.52	0.22	0
754	0.57	0.59	0.44	0.16	0.5	0.0	0.52	0.22	0
755	0.59	0.58	0.46	0.19	0.5	0.0	0.56	0.27	0
756	0.92	0.61	0.4	0.22	0.5	0.0	0.54	0.22	0
757	0.55	0.56	0.45	0.14	0.5	0.0	0.54	0.22	0
758	0.63	0.61	0.41	0.22	0.5	0.0	0.51	0.22	0
759	0.58	0.53	0.38	0.18	0.5	0.0	0.52	0.22	0
760	0.36	0.46	0.43	0.19	0.5	0.0	0.48	0.22	0
761	0.32	0.47	0.55	0.12	0.5	0.0	0.52	0.22	0
762	0.34	0.38	0.45	0.19	0.5	0.0	0.51	0.22	0
763	0.62	0.58	0.46	0.13	0.5	0.0	0.53	0.22	0
764	0.53	0.68	0.42	0.19	0.5	0.0	0.53	0.22	0
765	0.73	0.55	0.41	0.16	0.5	0.0	0.46	0.22	0
766	0.77	0.8	0.51	0.4	1.0	0.0	0.54	0.22	0
767	0.77	0.87	0.47	0.37	0.5	0.0	0.48	0.22	0
768	0.35	0.46	0.49	0.15	1.0	0.0	0.55	0.35	0
769	0.43	0.51	0.48	0.14	0.5	0.0	0.5	0.22	0
770	0.57	0.61	0.45	0.26	0.5	0.0	0.5	0.22	0
771	0.63	0.62	0.42	0.12	0.5	0.0	0.52	0.25	0
772	0.25	0.4	0.51	0.18	0.5	0.0	0.5	0.27	0
773	0.56	0.62	0.53	0.24	0.5	0.0	0.57	0.22	0
774	0.58	0.6	0.51	0.24	0.5	0.0	0.53	0.22	0
775	0.71	0.59	0.53	0.15	0.5	0.0	0.49	0.33	0
776	0.46	0.35	0.33	0.17	0.5	0.0	0.55	0.22	0
777	0.54	0.55	0.42	0.22	0.5	0.0	0.48	0.22	0
778	0.39	0.44	0.28	0.12	0.5	0.0	0.46	0.27	0
779	0.81	0.82	0.41	0.36	0.5	0.0	0.39	0.22	0
780	0.69	0.6	0.51	0.13	0.5	0.83	0.52	0.22	0
781	0.46	0.48	0.44	0.21	0.5	0.0	0.55	0.22	0
782	0.35	0.36	0.57	0.17	0.5	0.0	0.52	0.22	0
783	0.74	0.72	0.47	0.25	0.5	0.0	0.57	0.22	0
784	0.42	0.52	0.4	0.17	0.5	0.0	0.5	0.26	0
785	0.91	0.77	0.34	0.47	0.5	0.0	0.52	0.31	0
786	0.81	0.9	0.39	0.41	0.5	0.0	0.53	0.22	0
787	0.45	0.4	0.56	0.14	0.5	0.0	0.54	0.22	0
788	0.47	0.47	0.58	0.16	0.5	0.0	0.49	0.28	0
789	0.41	0.39	0.51	0.52	0.5	0.0	0.49	0.22	0
790	0.37	0.34	0.32	0.22	0.5	0.0	0.56	0.22	0
791	0.69	0.6	0.5	0.31	0.5	0.0	0.55	0.22	0
792	0.35	0.56	0.36	0.3	0.5	0.0	0.53	0.25	0
793	0.84	0.66	0.36	0.78	0.5	0.0	0.49	0.5	0
794	0.51	0.58	0.54	0.29	0.5	0.0	0.53	0.22	0
795	0.55	0.66	0.57	0.32	0.5	0.0	0.57	0.34	0
796	0.48	0.35	0.42	0.21	0.5	0.0	0.57	0.22	0
797	0.62	0.58	0.52	0.15	0.5	0.0	0.52	0.29	0
798	0.44	0.51	0.37	0.15	0.5	0.0	0.51	0.22	0
799	0.5	0.5	0.48	0.17	0.5	0.0	0.47	0.26	0
800	0.49	0.46	0.34	0.21	0.5	0.0	0.55	0.22	0
801	0.7	0.69	0.43	0.33	0.5	0.0	0.58	0.22	0
802	0.45	0.42	0.52	0.2	0.5	0.0	0.5	0.25	0
803	0.51	0.35	0.46	0.15	0.5	0.0	0.51	0.42	0
804	0.42	0.39	0.47	0.13	0.5	0.0	0.5	0.27	0
805	0.32	0.38	0.52	0.2	0.5	0.0	0.52	0.28	0
806	0.59	0.65	0.52	0.3	0.5	0.0	0.46	0.31	0
807	0.41	0.52	0.41	0.11	0.5	0.0	0.54	0.35	0
808	0.37	0.33	0.5	0.12	0.5	0.0	0.51	0.54	0
809	0.45	0.56	0.49	0.17	0.5	0.0	0.52	0.22	0
810	0.6	0.4	0.59	0.18	0.5	0.0	0.48	0.22	0
811	0.91	0.69	0.57	0.45	0.5	0.0	0.56	0.22	0
812	0.38	0.47	0.53	0.12	0.5	0.0	0.48	0.22	0
813	0.59	0.43	0.52	0.19	0.5	0.0	0.55	0.27	0
814	0.64	0.53	0.45	0.13	0.5	0.0	0.53	0.22	0
815	0.49	0.31	0.34	0.13	0.5	0.0	0.52	0.22	0
816	0.52	0.51	0.51	0.12	0.5	0.0	0.51	0.4	0
817	0.49	0.43	0.48	0.15	0.5	0.0	0.55	0.25	0
818	0.49	0.47	0.52	0.16	0.5	0.0	0.53	0.28	0
819	0.48	0.39	0.49	0.18	0.5	0.0	0.51	0.22	0
820	0.44	0.34	0.55	0.18	0.5	0.0	0.52	0.22	0
821	0.49	0.42	0.54	0.17	0.5	0.0	0.5	0.36	0
822	0.2	0.34	0.33	0.1	0.5	0.0	0.48	0.31	0
823	0.74	0.53	0.5	0.08	0.5	0.0	0.55	0.31	0
824	0.69	0.48	0.38	0.15	0.5	0.0	0.55	0.22	0
825	0.3	0.5	0.47	0.11	0.5	0.0	0.46	0.22	0
826	0.44	0.51	0.48	0.38	0.5	0.0	0.52	0.22	0
827	0.31	0.45	0.5	0.17	0.5	0.0	0.49	0.22	0
828	0.55	0.41	0.56	0.21	0.5	0.0	0.52	0.22	0
829	0.4	0.48	0.5	0.17	0.5	0.0	0.54	0.5	0
830	0.58	0.45	0.48	0.24	0.5	0.0	0.52	0.37	0
831	0.58	0.41	0.51	0.26	0.5	0.0	0.51	0.37	0
832	0.69	0.5	0.49	0.42	0.5	0.0	0.49	0.22	0
833	0.38	0.49	0.61	0.13	0.5	0.0	0.54	0.22	0
834	0.21	0.38	0.49	0.16	0.5	0.0	0.51	0.45	0
835	0.57	0.59	0.5	0.58	0.5	0.0	0.53	0.22	0
836	0.48	0.34	0.47	0.14	0.5	0.0	0.47	0.26	0
837	0.35	0.4	0.53	0.18	0.5	0.0	0.42	0.38	0
838	0.47	0.45	0.53	0.62	0.5	0.0	0.46	0.22	0
839	0.53	0.43	0.47	0.15	0.5	0.0	0.58	0.22	0
840	0.46	0.45	0.56	0.16	0.5	0.0	0.56	0.22	0
841	0.48	0.46	0.38	0.29	0.5	0.0	0.53	0.22	0
842	0.56	0.44	0.56	0.19	0.5	0.0	0.54	0.22	0
843	0.51	0.63	0.3	0.35	0.5	0.0	0.53	0.27	0
844	0.53	0.68	0.34	0.42	0.5	0.0	0.54	0.27	0
845	0.33	0.28	0.31	0.24	0.5	0.0	0.53	0.22	0
846	0.85	0.85	0.3	0.31	0.5	0.0	0.55	0.42	0
847	0.61	0.54	0.49	0.16	0.5	0.0	0.54	0.42	0
848	0.55	0.53	0.56	0.29	0.5	0.0	0.48	0.22	0
849	0.66	0.62	0.52	0.17	0.5	0.0	0.49	0.22	0
850	0.44	0.41	0.58	0.2	0.5	0.0	0.57	0.25	0
851	0.34	0.66	0.51	0.16	0.5	0.0	0.47	0.33	1
852	0.4	0.34	0.52	0.17	0.5	0.0	0.47	0.51	1
853	0.58	0.48	0.56	0.1	0.5	0.0	0.46	0.25	1
854	0.58	0.48	0.56	0.12	0.5	0.0	0.46	0.25	1
855	0.41	0.6	0.53	0.29	0.5	0.0	0.47	0.43	1
856	0.6	0.48	0.44	0.52	0.5	0.0	0.54	0.63	1
857	0.47	0.49	0.63	0.17	0.5	0.0	0.31	0.26	1
858	0.28	0.51	0.55	0.11	0.5	0.0	0.46	0.22	1
859	0.56	0.57	0.63	0.39	1.0	0.0	0.59	0.4	1
860	0.46	0.57	0.57	0.15	0.5	0.0	0.52	0.26	1
861	0.43	0.42	0.54	0.22	0.5	0.0	0.57	0.33	1
862	0.44	0.42	0.62	0.14	0.5	0.0	0.55	0.37	1
863	0.37	0.34	0.58	0.24	0.5	0.0	0.44	0.18	1
864	0.37	0.34	0.58	0.24	0.5	0.0	0.44	0.18	1
865	0.39	0.39	0.55	0.52	0.5	0.0	0.37	0.16	1
866	0.39	0.39	0.55	0.52	0.5	0.0	0.37	0.16	1
867	0.48	0.57	0.5	0.09	0.5	0.0	0.52	0.42	1
868	0.61	0.57	0.45	0.21	0.5	0.0	0.5	0.42	1
869	0.37	0.22	0.64	0.35	0.5	0.0	0.47	0.22	1
870	0.51	0.48	0.58	0.22	0.5	0.0	0.5	0.28	1
871	0.49	0.37	0.59	0.17	0.5	0.0	0.51	0.22	1
872	0.51	0.48	0.58	0.22	0.5	0.0	0.5	0.28	1
873	0.53	0.53	0.53	0.17	0.5	0.0	0.49	0.37	1
874	0.29	0.68	0.47	0.26	0.5	0.0	0.47	0.37	1
875	0.5	0.45	0.49	0.15	0.5	0.0	0.55	0.43	1
876	0.43	0.39	0.51	0.28	0.5	0.0	0.4	0.22	1
877	0.34	0.35	0.61	0.19	0.5	0.0	0.52	0.25	1
878	0.44	0.53	0.52	0.37	0.5	0.0	0.5	0.22	1
879	0.44	0.53	0.52	0.37	0.5	0.0	0.5	0.22	1
880	0.32	0.34	0.61	0.17	0.5	0.0	0.52	0.32	1
881	0.34	0.34	0.61	0.18	0.5	0.0	0.52	0.32	1
882	0.54	0.45	0.62	0.13	0.5	0.0	0.52	0.26	1
883	0.56	0.45	0.59	0.14	0.5	0.0	0.51	0.26	1
884	0.45	0.38	0.59	0.18	0.5	0.0	0.44	0.45	1
885	0.42	0.32	0.61	0.13	0.5	0.0	0.14	0.27	1
886	0.5	0.45	0.49	0.3	0.5	0.0	0.47	0.4	1
887	0.23	0.34	0.41	0.28	0.5	0.0	0.5	0.27	1
888	0.34	0.31	0.6	0.37	0.5	0.0	0.5	0.3	1
889	0.59	0.53	0.47	0.26	0.5	0.0	0.53	0.31	1
890	0.57	0.49	0.48	0.16	0.5	0.0	0.51	0.22	1
891	0.43	0.32	0.56	0.27	0.5	0.0	0.47	0.27	1
892	0.52	0.48	0.54	0.28	0.5	0.0	0.54	0.22	1
893	0.43	0.38	0.51	0.24	0.5	0.0	0.46	0.33	1
894	0.78	0.7	0.32	0.23	0.5	0.0	0.53	0.22	0
895	0.55	0.46	0.53	0.11	0.5	0.0	0.52	0.48	0
896	0.45	0.56	0.54	0.32	0.5	0.0	0.57	0.22	0
897	0.45	0.56	0.53	0.32	0.5	0.0	0.57	0.22	0
898	0.29	0.43	0.4	0.15	0.5	0.0	0.53	0.22	0
899	0.52	0.75	0.37	0.14	0.5	0.0	0.46	0.22	0
900	0.71	0.56	0.39	0.27	0.5	0.0	0.52	0.22	0
901	0.58	0.6	0.43	0.12	0.5	0.0	0.55	0.22	0
902	0.54	0.65	0.49	0.34	0.5	0.0	0.52	0.22	0
903	0.57	0.59	0.44	0.16	0.5	0.0	0.52	0.22	0
904	0.59	0.58	0.46	0.19	0.5	0.0	0.56	0.27	0
905	0.92	0.61	0.4	0.22	0.5	0.0	0.54	0.22	0
906	0.55	0.56	0.45	0.14	0.5	0.0	0.54	0.22	0
907	0.63	0.61	0.41	0.22	0.5	0.0	0.51	0.22	0
908	0.58	0.53	0.38	0.18	0.5	0.0	0.52	0.22	0
909	0.36	0.46	0.43	0.19	0.5	0.0	0.48	0.22	0
910	0.32	0.47	0.55	0.12	0.5	0.0	0.52	0.22	0
911	0.34	0.38	0.45	0.19	0.5	0.0	0.51	0.22	0
912	0.62	0.58	0.46	0.13	0.5	0.0	0.53	0.22	0
913	0.53	0.68	0.42	0.19	0.5	0.0	0.53	0.22	0
914	0.73	0.55	0.41	0.16	0.5	0.0	0.46	0.22	0
915	0.77	0.8	0.51	0.4	1.0	0.0	0.54	0.22	0
916	0.77	0.87	0.47	0.37	0.5	0.0	0.48	0.22	0
917	0.35	0.46	0.49	0.15	1.0	0.0	0.55	0.35	0
918	0.43	0.51	0.48	0.14	0.5	0.0	0.5	0.22	0
919	0.57	0.61	0.45	0.26	0.5	0.0	0.5	0.22	0
920	0.63	0.62	0.42	0.12	0.5	0.0	0.52	0.25	0
921	0.25	0.4	0.51	0.18	0.5	0.0	0.5	0.27	0
922	0.56	0.62	0.53	0.24	0.5	0.0	0.57	0.22	0
923	0.58	0.6	0.51	0.24	0.5	0.0	0.53	0.22	0
924	0.71	0.59	0.53	0.15	0.5	0.0	0.49	0.33	0
925	0.46	0.35	0.33	0.17	0.5	0.0	0.55	0.22	0
926	0.54	0.55	0.42	0.22	0.5	0.0	0.48	0.22	0
927	0.39	0.44	0.28	0.12	0.5	0.0	0.46	0.27	0
928	0.81	0.82	0.41	0.36	0.5	0.0	0.39	0.22	0
929	0.69	0.6	0.51	0.13	0.5	0.83	0.52	0.22	0
930	0.46	0.48	0.44	0.21	0.5	0.0	0.55	0.22	0
931	0.35	0.36	0.57	0.17	0.5	0.0	0.52	0.22	0
932	0.74	0.72	0.47	0.25	0.5	0.0	0.57	0.22	0
933	0.42	0.52	0.4	0.17	0.5	0.0	0.5	0.26	0
934	0.91	0.77	0.34	0.47	0.5	0.0	0.52	0.31	0
935	0.81	0.9	0.39	0.41	0.5	0.0	0.53	0.22	0
936	0.45	0.4	0.56	0.14	0.5	0.0	0.54	0.22	0
937	0.47	0.47	0.58	0.16	0.5	0.0	0.49	0.28	0
938	0.41	0.39	0.51	0.52	0.5	0.0	0.49	0.22	0
939	0.37	0.34	0.32	0.22	0.5	0.0	0.56	0.22	0
940	0.69	0.6	0.5	0.31	0.5	0.0	0.55	0.22	0
941	0.35	0.56	0.36	0.3	0.5	0.0	0.53	0.25	0
942	0.84	0.66	0.36	0.78	0.5	0.0	0.49	0.5	0
943	0.51	0.58	0.54	0.29	0.5	0.0	0.53	0.22	0
944	0.55	0.66	0.57	0.32	0.5	0.0	0.57	0.34	0
945	0.48	0.35	0.42	0.21	0.5	0.0	0.57	0.22	0
946	0.62	0.58	0.52	0.15	0.5	0.0	0.52	0.29	0
947	0.44	0.51	0.37	0.15	0.5	0.0	0.51	0.22	0
948	0.5	0.5	0.48	0.17	0.5	0.0	0.47	0.26	0
949	0.49	0.46	0.34	0.21	0.5	0.0	0.55	0.22	0
950	0.7	0.69	0.43	0.33	0.5	0.0	0.58	0.22	0
951	0.45	0.42	0.52	0.2	0.5	0.0	0.5	0.25	0
952	0.51	0.35	0.46	0.15	0.5	0.0	0.51	0.42	0
953	0.42	0.39	0.47	0.13	0.5	0.0	0.5	0.27	0
954	0.32	0.38	0.52	0.2	0.5	0.0	0.52	0.28	0
955	0.59	0.65	0.52	0.3	0.5	0.0	0.46	0.31	0
956	0.41	0.52	0.41	0.11	0.5	0.0	0.54	0.35	0
957	0.37	0.33	0.5	0.12	0.5	0.0	0.51	0.54	0
958	0.45	0.56	0.49	0.17	0.5	0.0	0.52	0.22	0
959	0.6	0.4	0.59	0.18	0.5	0.0	0.48	0.22	0
960	0.91	0.69	0.57	0.45	0.5	0.0	0.56	0.22	0
961	0.38	0.47	0.53	0.12	0.5	0.0	0.48	0.22	0
962	0.59	0.43	0.52	0.19	0.5	0.0	0.55	0.27	0
963	0.64	0.53	0.45	0.13	0.5	0.0	0.53	0.22	0
964	0.49	0.31	0.34	0.13	0.5	0.0	0.52	0.22	0
965	0.52	0.51	0.51	0.12	0.5	0.0	0.51	0.4	0
966	0.49	0.43	0.48	0.15	0.5	0.0	0.55	0.25	0
967	0.49	0.47	0.52	0.16	0.5	0.0	0.53	0.28	0
968	0.48	0.39	0.49	0.18	0.5	0.0	0.51	0.22	0
969	0.44	0.34	0.55	0.18	0.5	0.0	0.52	0.22	0
970	0.49	0.42	0.54	0.17	0.5	0.0	0.5	0.36	0
971	0.2	0.34	0.33	0.1	0.5	0.0	0.48	0.31	0
972	0.74	0.53	0.5	0.08	0.5	0.0	0.55	0.31	0
973	0.69	0.48	0.38	0.15	0.5	0.0	0.55	0.22	0
974	0.3	0.5	0.47	0.11	0.5	0.0	0.46	0.22	0
975	0.44	0.51	0.48	0.38	0.5	0.0	0.52	0.22	0
976	0.31	0.45	0.5	0.17	0.5	0.0	0.49	0.22	0
977	0.55	0.41	0.56	0.21	0.5	0.0	0.52	0.22	0
978	0.4	0.48	0.5	0.17	0.5	0.0	0.54	0.5	0
979	0.58	0.45	0.48	0.24	0.5	0.0	0.52	0.37	0
980	0.58	0.41	0.51	0.26	0.5	0.0	0.51	0.37	0
981	0.69	0.5	0.49	0.42	0.5	0.0	0.49	0.22	0
982	0.38	0.49	0.61	0.13	0.5	0.0	0.54	0.22	0
983	0.21	0.38	0.49	0.16	0.5	0.0	0.51	0.45	0
984	0.57	0.59	0.5	0.58	0.5	0.0	0.53	0.22	0
985	0.48	0.34	0.47	0.14	0.5	0.0	0.47	0.26	0
986	0.35	0.4	0.53	0.18	0.5	0.0	0.42	0.38	0
987	0.47	0.45	0.53	0.62	0.5	0.0	0.46	0.22	0
988	0.53	0.43	0.47	0.15	0.5	0.0	0.58	0.22	0
989	0.46	0.45	0.56	0.16	0.5	0.0	0.56	0.22	0
990	0.48	0.46	0.38	0.29	0.5	0.0	0.53	0.22	0
991	0.56	0.44	0.56	0.19	0.5	0.0	0.54	0.22	0
992	0.51	0.63	0.3	0.35	0.5	0.0	0.53	0.27	0
993	0.53	0.68	0.34	0.42	0.5	0.0	0.54	0.27	0
994	0.33	0.28	0.31	0.24	0.5	0.0	0.53	0.22	0
995	0.85	0.85	0.3	0.31	0.5	0.0	0.55	0.42	0
996	0.61	0.54	0.49	0.16	0.5	0.0	0.54	0.42	0
997	0.55	0.53	0.56	0.29	0.5	0.0	0.48	0.22	0
998	0.66	0.62	0.52	0.17	0.5	0.0	0.49	0.22	0
999	0.44	0.41	0.58	0.2	0.5	0.0	0.57	0.25	0
1000	0.34	0.66	0.51	0.16	0.5	0.0	0.47	0.33	1
1001	0.4	0.34	0.52	0.17	0.5	0.0	0.47	0.51	1
1002	0.58	0.48	0.56	0.1	0.5	0.0	0.46	0.25	1
1003	0.58	0.48	0.56	0.12	0.5	0.0	0.46	0.25	1
1004	0.41	0.6	0.53	0.29	0.5	0.0	0.47	0.43	1
1005	0.6	0.48	0.44	0.52	0.5	0.0	0.54	0.63	1
1006	0.47	0.49	0.63	0.17	0.5	0.0	0.31	0.26	1
1007	0.28	0.51	0.55	0.11	0.5	0.0	0.46	0.22	1
1008	0.56	0.57	0.63	0.39	1.0	0.0	0.59	0.4	1
1009	0.46	0.57	0.57	0.15	0.5	0.0	0.52	0.26	1
1010	0.43	0.42	0.54	0.22	0.5	0.0	0.57	0.33	1
1011	0.44	0.42	0.62	0.14	0.5	0.0	0.55	0.37	1
1012	0.37	0.34	0.58	0.24	0.5	0.0	0.44	0.18	1
1013	0.37	0.34	0.58	0.24	0.5	0.0	0.44	0.18	1
1014	0.39	0.39	0.55	0.52	0.5	0.0	0.37	0.16	1
1015	0.39	0.39	0.55	0.52	0.5	0.0	0.37	0.16	1
1016	0.48	0.57	0.5	0.09	0.5	0.0	0.52	0.42	1
1017	0.61	0.57	0.45	0.21	0.5	0.0	0.5	0.42	1
1018	0.37	0.22	0.64	0.35	0.5	0.0	0.47	0.22	1
1019	0.51	0.48	0.58	0.22	0.5	0.0	0.5	0.28	1
1020	0.49	0.37	0.59	0.17	0.5	0.0	0.51	0.22	1
1021	0.51	0.48	0.58	0.22	0.5	0.0	0.5	0.28	1
1022	0.53	0.53	0.53	0.17	0.5	0.0	0.49	0.37	1
1023	0.29	0.68	0.47	0.26	0.5	0.0	0.47	0.37	1
1024	0.5	0.45	0.49	0.15	0.5	0.0	0.55	0.43	1
1025	0.43	0.39	0.51	0.28	0.5	0.0	0.4	0.22	1
1026	0.34	0.35	0.61	0.19	0.5	0.0	0.52	0.25	1
1027	0.44	0.53	0.52	0.37	0.5	0.0	0.5	0.22	1
1028	0.44	0.53	0.52	0.37	0.5	0.0	0.5	0.22	1
1029	0.32	0.34	0.61	0.17	0.5	0.0	0.52	0.32	1
1030	0.34	0.34	0.61	0.18	0.5	0.0	0.52	0.32	1
1031	0.54	0.45	0.62	0.13	0.5	0.0	0.52	0.26	1
1032	0.56	0.45	0.59	0.14	0.5	0.0	0.51	0.26	1
1033	0.45	0.38	0.59	0.18	0.5	0.0	0.44	0.45	1
1034	0.42	0.32	0.61	0.13	0.5	0.0	0.14	0.27	1
1035	0.5	0.45	0.49	0.3	0.5	0.0	0.47	0.4	1
1036	0.23	0.34	0.41	0.28	0.5	0.0	0.5	0.27	1
1037	0.34	0.31	0.6	0.37	0.5	0.0	0.5	0.3	1
1038	0.59	0.53	0.47	0.26	0.5	0.0	0.53	0.31	1
1039	0.57	0.49	0.48	0.16	0.5	0.0	0.51	0.22	1
1040	0.43	0.32	0.56	0.27	0.5	0.0	0.47	0.27	1
1041	0.52	0.48	0.54	0.28	0.5	0.0	0.54	0.22	1
1042	0.43	0.38	0.51	0.24	0.5	0.0	0.46	0.33	1
1043	0.78	0.7	0.32	0.23	0.5	0.0	0.53	0.22	0
1044	0.55	0.46	0.53	0.11	0.5	0.0	0.52	0.48	0
1045	0.45	0.56	0.54	0.32	0.5	0.0	0.57	0.22	0
1046	0.45	0.56	0.53	0.32	0.5	0.0	0.57	0.22	0
1047	0.29	0.43	0.4	0.15	0.5	0.0	0.53	0.22	0
1048	0.52	0.75	0.37	0.14	0.5	0.0	0.46	0.22	0
1049	0.71	0.56	0.39	0.27	0.5	0.0	0.52	0.22	0
1050	0.58	0.6	0.43	0.12	0.5	0.0	0.55	0.22	0
1051	0.54	0.65	0.49	0.34	0.5	0.0	0.52	0.22	0
1052	0.57	0.59	0.44	0.16	0.5	0.0	0.52	0.22	0
1053	0.59	0.58	0.46	0.19	0.5	0.0	0.56	0.27	0
1054	0.92	0.61	0.4	0.22	0.5	0.0	0.54	0.22	0
1055	0.55	0.56	0.45	0.14	0.5	0.0	0.54	0.22	0
1056	0.63	0.61	0.41	0.22	0.5	0.0	0.51	0.22	0
1057	0.58	0.53	0.38	0.18	0.5	0.0	0.52	0.22	0
1058	0.36	0.46	0.43	0.19	0.5	0.0	0.48	0.22	0
1059	0.32	0.47	0.55	0.12	0.5	0.0	0.52	0.22	0
1060	0.34	0.38	0.45	0.19	0.5	0.0	0.51	0.22	0
1061	0.62	0.58	0.46	0.13	0.5	0.0	0.53	0.22	0
1062	0.53	0.68	0.42	0.19	0.5	0.0	0.53	0.22	0
1063	0.73	0.55	0.41	0.16	0.5	0.0	0.46	0.22	0
1064	0.77	0.8	0.51	0.4	1.0	0.0	0.54	0.22	0
1065	0.77	0.87	0.47	0.37	0.5	0.0	0.48	0.22	0
1066	0.35	0.46	0.49	0.15	1.0	0.0	0.55	0.35	0
1067	0.43	0.51	0.48	0.14	0.5	0.0	0.5	0.22	0
1068	0.57	0.61	0.45	0.26	0.5	0.0	0.5	0.22	0
1069	0.63	0.62	0.42	0.12	0.5	0.0	0.52	0.25	0
1070	0.25	0.4	0.51	0.18	0.5	0.0	0.5	0.27	0
1071	0.56	0.62	0.53	0.24	0.5	0.0	0.57	0.22	0
1072	0.58	0.6	0.51	0.24	0.5	0.0	0.53	0.22	0
1073	0.71	0.59	0.53	0.15	0.5	0.0	0.49	0.33	0
1074	0.46	0.35	0.33	0.17	0.5	0.0	0.55	0.22	0
1075	0.54	0.55	0.42	0.22	0.5	0.0	0.48	0.22	0
1076	0.39	0.44	0.28	0.12	0.5	0.0	0.46	0.27	0
1077	0.81	0.82	0.41	0.36	0.5	0.0	0.39	0.22	0
1078	0.69	0.6	0.51	0.13	0.5	0.83	0.52	0.22	0
1079	0.46	0.48	0.44	0.21	0.5	0.0	0.55	0.22	0
1080	0.35	0.36	0.57	0.17	0.5	0.0	0.52	0.22	0
1081	0.74	0.72	0.47	0.25	0.5	0.0	0.57	0.22	0
1082	0.42	0.52	0.4	0.17	0.5	0.0	0.5	0.26	0
1083	0.91	0.77	0.34	0.47	0.5	0.0	0.52	0.31	0
1084	0.81	0.9	0.39	0.41	0.5	0.0	0.53	0.22	0
1085	0.45	0.4	0.56	0.14	0.5	0.0	0.54	0.22	0
1086	0.47	0.47	0.58	0.16	0.5	0.0	0.49	0.28	0
1087	0.41	0.39	0.51	0.52	0.5	0.0	0.49	0.22	0
1088	0.37	0.34	0.32	0.22	0.5	0.0	0.56	0.22	0
1089	0.69	0.6	0.5	0.31	0.5	0.0	0.55	0.22	0
1090	0.35	0.56	0.36	0.3	0.5	0.0	0.53	0.25	0
1091	0.84	0.66	0.36	0.78	0.5	0.0	0.49	0.5	0
1092	0.51	0.58	0.54	0.29	0.5	0.0	0.53	0.22	0
1093	0.55	0.66	0.57	0.32	0.5	0.0	0.57	0.34	0
1094	0.48	0.35	0.42	0.21	0.5	0.0	0.57	0.22	0
1095	0.62	0.58	0.52	0.15	0.5	0.0	0.52	0.29	0
1096	0.44	0.51	0.37	0.15	0.5	0.0	0.51	0.22	0
1097	0.5	0.5	0.48	0.17	0.5	0.0	0.47	0.26	0
1098	0.49	0.46	0.34	0.21	0.5	0.0	0.55	0.22	0
1099	0.7	0.69	0.43	0.33	0.5	0.0	0.58	0.22	0
1100	0.45	0.42	0.52	0.2	0.5	0.0	0.5	0.25	0
1101	0.51	0.35	0.46	0.15	0.5	0.0	0.51	0.42	0
1102	0.42	0.39	0.47	0.13	0.5	0.0	0.5	0.27	0
1103	0.32	0.38	0.52	0.2	0.5	0.0	0.52	0.28	0
1104	0.59	0.65	0.52	0.3	0.5	0.0	0.46	0.31	0
1105	0.41	0.52	0.41	0.11	0.5	0.0	0.54	0.35	0
1106	0.37	0.33	0.5	0.12	0.5	0.0	0.51	0.54	0
1107	0.45	0.56	0.49	0.17	0.5	0.0	0.52	0.22	0
1108	0.6	0.4	0.59	0.18	0.5	0.0	0.48	0.22	0
1109	0.91	0.69	0.57	0.45	0.5	0.0	0.56	0.22	0
1110	0.38	0.47	0.53	0.12	0.5	0.0	0.48	0.22	0
1111	0.59	0.43	0.52	0.19	0.5	0.0	0.55	0.27	0
1112	0.64	0.53	0.45	0.13	0.5	0.0	0.53	0.22	0
1113	0.49	0.31	0.34	0.13	0.5	0.0	0.52	0.22	0
1114	0.52	0.51	0.51	0.12	0.5	0.0	0.51	0.4	0
1115	0.49	0.43	0.48	0.15	0.5	0.0	0.55	0.25	0
1116	0.49	0.47	0.52	0.16	0.5	0.0	0.53	0.28	0
1117	0.48	0.39	0.49	0.18	0.5	0.0	0.51	0.22	0
1118	0.44	0.34	0.55	0.18	0.5	0.0	0.52	0.22	0
1119	0.49	0.42	0.54	0.17	0.5	0.0	0.5	0.36	0
1120	0.2	0.34	0.33	0.1	0.5	0.0	0.48	0.31	0
1121	0.74	0.53	0.5	0.08	0.5	0.0	0.55	0.31	0
1122	0.69	0.48	0.38	0.15	0.5	0.0	0.55	0.22	0
1123	0.3	0.5	0.47	0.11	0.5	0.0	0.46	0.22	0
1124	0.44	0.51	0.48	0.38	0.5	0.0	0.52	0.22	0
1125	0.31	0.45	0.5	0.17	0.5	0.0	0.49	0.22	0
1126	0.55	0.41	0.56	0.21	0.5	0.0	0.52	0.22	0
1127	0.4	0.48	0.5	0.17	0.5	0.0	0.54	0.5	0
1128	0.58	0.45	0.48	0.24	0.5	0.0	0.52	0.37	0
1129	0.58	0.41	0.51	0.26	0.5	0.0	0.51	0.37	0
1130	0.69	0.5	0.49	0.42	0.5	0.0	0.49	0.22	0
1131	0.38	0.49	0.61	0.13	0.5	0.0	0.54	0.22	0
1132	0.21	0.38	0.49	0.16	0.5	0.0	0.51	0.45	0
1133	0.57	0.59	0.5	0.58	0.5	0.0	0.53	0.22	0
1134	0.48	0.34	0.47	0.14	0.5	0.0	0.47	0.26	0
1135	0.35	0.4	0.53	0.18	0.5	0.0	0.42	0.38	0
1136	0.47	0.45	0.53	0.62	0.5	0.0	0.46	0.22	0
1137	0.53	0.43	0.47	0.15	0.5	0.0	0.58	0.22	0
1138	0.46	0.45	0.56	0.16	0.5	0.0	0.56	0.22	0
1139	0.48	0.46	0.38	0.29	0.5	0.0	0.53	0.22	0
1140	0.56	0.44	0.56	0.19	0.5	0.0	0.54	0.22	0
1141	0.51	0.63	0.3	0.35	0.5	0.0	0.53	0.27	0
1142	0.53	0.68	0.34	0.42	0.5	0.0	0.54	0.27	0
1143	0.33	0.28	0.31	0.24	0.5	0.0	0.53	0.22	0
1144	0.85	0.85	0.3	0.31	0.5	0.0	0.55	0.42	0
1145	0.61	0.54	0.49	0.16	0.5	0.0	0.54	0.42	0
1146	0.55	0.53	0.56	0.29	0.5	0.0	0.48	0.22	0
1147	0.66	0.62	0.52	0.17	0.5	0.0	0.49	0.22	0
1148	0.44	0.41	0.58	0.2	0.5	0.0	0.57	0.25	0
1149	0.34	0.66	0.51	0.16	0.5	0.0	0.47	0.33	1
1150	0.4	0.34	0.52	0.17	0.5	0.0	0.47	0.51	1
1151	0.58	0.48	0.56	0.1	0.5	0.0	0.46	0.25	1
1152	0.58	0.48	0.56	0.12	0.5	0.0	0.46	0.25	1
1153	0.41	0.6	0.53	0.29	0.5	0.0	0.47	0.43	1
1154	0.6	0.48	0.44	0.52	0.5	0.0	0.54	0.63	1
1155	0.47	0.49	0.63	0.17	0.5	0.0	0.31	0.26	1
1156	0.28	0.51	0.55	0.11	0.5	0.0	0.46	0.22	1
1157	0.56	0.57	0.63	0.39	1.0	0.0	0.59	0.4	1
1158	0.46	0.57	0.57	0.15	0.5	0.0	0.52	0.26	1
1159	0.43	0.42	0.54	0.22	0.5	0.0	0.57	0.33	1
1160	0.44	0.42	0.62	0.14	0.5	0.0	0.55	0.37	1
1161	0.37	0.34	0.58	0.24	0.5	0.0	0.44	0.18	1
1162	0.37	0.34	0.58	0.24	0.5	0.0	0.44	0.18	1
1163	0.39	0.39	0.55	0.52	0.5	0.0	0.37	0.16	1
1164	0.39	0.39	0.55	0.52	0.5	0.0	0.37	0.16	1
1165	0.48	0.57	0.5	0.09	0.5	0.0	0.52	0.42	1
1166	0.61	0.57	0.45	0.21	0.5	0.0	0.5	0.42	1
1167	0.37	0.22	0.64	0.35	0.5	0.0	0.47	0.22	1
1168	0.51	0.48	0.58	0.22	0.5	0.0	0.5	0.28	1
1169	0.49	0.37	0.59	0.17	0.5	0.0	0.51	0.22	1
1170	0.51	0.48	0.58	0.22	0.5	0.0	0.5	0.28	1
1171	0.53	0.53	0.53	0.17	0.5	0.0	0.49	0.37	1
1172	0.29	0.68	0.47	0.26	0.5	0.0	0.47	0.37	1
1173	0.5	0.45	0.49	0.15	0.5	0.0	0.55	0.43	1
1174	0.43	0.39	0.51	0.28	0.5	0.0	0.4	0.22	1
1175	0.34	0.35	0.61	0.19	0.5	0.0	0.52	0.25	1
1176	0.44	0.53	0.52	0.37	0.5	0.0	0.5	0.22	1
1177	0.44	0.53	0.52	0.37	0.5	0.0	0.5	0.22	1
1178	0.32	0.34	0.61	0.17	0.5	0.0	0.52	0.32	1
1179	0.34	0.34	0.61	0.18	0.5	0.0	0.52	0.32	1
1180	0.54	0.45	0.62	0.13	0.5	0.0	0.52	0.26	1
1181	0.56	0.45	0.59	0.14	0.5	0.0	0.51	0.26	1
1182	0.45	0.38	0.59	0.18	0.5	0.0	0.44	0.45	1
1183	0.42	0.32	0.61	0.13	0.5	0.0	0.14	0.27	1
1184	0.5	0.45	0.49	0.3	0.5	0.0	0.47	0.4	1
1185	0.23	0.34	0.41	0.28	0.5	0.0	0.5	0.27	1
1186	0.34	0.31	0.6	0.37	0.5	0.0	0.5	0.3	1
1187	0.59	0.53	0.47	0.26	0.5	0.0	0.53	0.31	1
1188	0.57	0.49	0.48	0.16	0.5	0.0	0.51	0.22	1
1189	0.43	0.32	0.56	0.27	0.5	0.0	0.47	0.27	1
1190	0.52	0.48	0.54	0.28	0.5	0.0	0.54	0.22	1
1191	0.43	0.38	0.51	0.24	0.5	0.0	0.46	0.33	1
1192	0.78	0.7	0.32	0.23	0.5	0.0	0.53	0.22	0
1193	0.55	0.46	0.53	0.11	0.5	0.0	0.52	0.48	0
1194	0.45	0.56	0.54	0.32	0.5	0.0	0.57	0.22	0
1195	0.45	0.56	0.53	0.32	0.5	0.0	0.57	0.22	0
1196	0.29	0.43	0.4	0.15	0.5	0.0	0.53	0.22	0
1197	0.52	0.75	0.37	0.14	0.5	0.0	0.46	0.22	0
1198	0.71	0.56	0.39	0.27	0.5	0.0	0.52	0.22	0
1199	0.58	0.6	0.43	0.12	0.5	0.0	0.55	0.22	0
1200	0.54	0.65	0.49	0.34	0.5	0.0	0.52	0.22	0
1201	0.57	0.59	0.44	0.16	0.5	0.0	0.52	0.22	0
1202	0.59	0.58	0.46	0.19	0.5	0.0	0.56	0.27	0
1203	0.92	0.61	0.4	0.22	0.5	0.0	0.54	0.22	0
1204	0.55	0.56	0.45	0.14	0.5	0.0	0.54	0.22	0
1205	0.63	0.61	0.41	0.22	0.5	0.0	0.51	0.22	0
1206	0.58	0.53	0.38	0.18	0.5	0.0	0.52	0.22	0
1207	0.36	0.46	0.43	0.19	0.5	0.0	0.48	0.22	0
1208	0.32	0.47	0.55	0.12	0.5	0.0	0.52	0.22	0
1209	0.34	0.38	0.45	0.19	0.5	0.0	0.51	0.22	0
1210	0.62	0.58	0.46	0.13	0.5	0.0	0.53	0.22	0
1211	0.53	0.68	0.42	0.19	0.5	0.0	0.53	0.22	0
1212	0.73	0.55	0.41	0.16	0.5	0.0	0.46	0.22	0
1213	0.77	0.8	0.51	0.4	1.0	0.0	0.54	0.22	0
1214	0.77	0.87	0.47	0.37	0.5	0.0	0.48	0.22	0
1215	0.35	0.46	0.49	0.15	1.0	0.0	0.55	0.35	0
1216	0.43	0.51	0.48	0.14	0.5	0.0	0.5	0.22	0
1217	0.57	0.61	0.45	0.26	0.5	0.0	0.5	0.22	0
1218	0.63	0.62	0.42	0.12	0.5	0.0	0.52	0.25	0
1219	0.25	0.4	0.51	0.18	0.5	0.0	0.5	0.27	0
1220	0.56	0.62	0.53	0.24	0.5	0.0	0.57	0.22	0
1221	0.58	0.6	0.51	0.24	0.5	0.0	0.53	0.22	0
1222	0.71	0.59	0.53	0.15	0.5	0.0	0.49	0.33	0
1223	0.46	0.35	0.33	0.17	0.5	0.0	0.55	0.22	0
1224	0.54	0.55	0.42	0.22	0.5	0.0	0.48	0.22	0
1225	0.39	0.44	0.28	0.12	0.5	0.0	0.46	0.27	0
1226	0.81	0.82	0.41	0.36	0.5	0.0	0.39	0.22	0
1227	0.69	0.6	0.51	0.13	0.5	0.83	0.52	0.22	0
1228	0.46	0.48	0.44	0.21	0.5	0.0	0.55	0.22	0
1229	0.35	0.36	0.57	0.17	0.5	0.0	0.52	0.22	0
1230	0.74	0.72	0.47	0.25	0.5	0.0	0.57	0.22	0
1231	0.42	0.52	0.4	0.17	0.5	0.0	0.5	0.26	0
1232	0.91	0.77	0.34	0.47	0.5	0.0	0.52	0.31	0
1233	0.81	0.9	0.39	0.41	0.5	0.0	0.53	0.22	0
1234	0.45	0.4	0.56	0.14	0.5	0.0	0.54	0.22	0
1235	0.47	0.47	0.58	0.16	0.5	0.0	0.49	0.28	0
1236	0.41	0.39	0.51	0.52	0.5	0.0	0.49	0.22	0
1237	0.37	0.34	0.32	0.22	0.5	0.0	0.56	0.22	0
1238	0.69	0.6	0.5	0.31	0.5	0.0	0.55	0.22	0
1239	0.35	0.56	0.36	0.3	0.5	0.0	0.53	0.25	0
1240	0.84	0.66	0.36	0.78	0.5	0.0	0.49	0.5	0
1241	0.51	0.58	0.54	0.29	0.5	0.0	0.53	0.22	0
1242	0.55	0.66	0.57	0.32	0.5	0.0	0.57	0.34	0
1243	0.48	0.35	0.42	0.21	0.5	0.0	0.57	0.22	0
1244	0.62	0.58	0.52	0.15	0.5	0.0	0.52	0.29	0
1245	0.44	0.51	0.37	0.15	0.5	0.0	0.51	0.22	0
1246	0.5	0.5	0.48	0.17	0.5	0.0	0.47	0.26	0
1247	0.49	0.46	0.34	0.21	0.5	0.0	0.55	0.22	0
1248	0.7	0.69	0.43	0.33	0.5	0.0	0.58	0.22	0
1249	0.45	0.42	0.52	0.2	0.5	0.0	0.5	0.25	0
1250	0.51	0.35	0.46	0.15	0.5	0.0	0.51	0.42	0
1251	0.42	0.39	0.47	0.13	0.5	0.0	0.5	0.27	0
1252	0.32	0.38	0.52	0.2	0.5	0.0	0.52	0.28	0
1253	0.59	0.65	0.52	0.3	0.5	0.0	0.46	0.31	0
1254	0.41	0.52	0.41	0.11	0.5	0.0	0.54	0.35	0
1255	0.37	0.33	0.5	0.12	0.5	0.0	0.51	0.54	0
1256	0.45	0.56	0.49	0.17	0.5	0.0	0.52	0.22	0
1257	0.6	0.4	0.59	0.18	0.5	0.0	0.48	0.22	0
1258	0.91	0.69	0.57	0.45	0.5	0.0	0.56	0.22	0
1259	0.38	0.47	0.53	0.12	0.5	0.0	0.48	0.22	0
1260	0.59	0.43	0.52	0.19	0.5	0.0	0.55	0.27	0
1261	0.64	0.53	0.45	0.13	0.5	0.0	0.53	0.22	0
1262	0.49	0.31	0.34	0.13	0.5	0.0	0.52	0.22	0
1263	0.52	0.51	0.51	0.12	0.5	0.0	0.51	0.4	0
1264	0.49	0.43	0.48	0.15	0.5	0.0	0.55	0.25	0
1265	0.49	0.47	0.52	0.16	0.5	0.0	0.53	0.28	0
1266	0.48	0.39	0.49	0.18	0.5	0.0	0.51	0.22	0
1267	0.44	0.34	0.55	0.18	0.5	0.0	0.52	0.22	0
1268	0.49	0.42	0.54	0.17	0.5	0.0	0.5	0.36	0
1269	0.2	0.34	0.33	0.1	0.5	0.0	0.48	0.31	0
1270	0.74	0.53	0.5	0.08	0.5	0.0	0.55	0.31	0
1271	0.69	0.48	0.38	0.15	0.5	0.0	0.55	0.22	0
1272	0.3	0.5	0.47	0.11	0.5	0.0	0.46	0.22	0
1273	0.44	0.51	0.48	0.38	0.5	0.0	0.52	0.22	0
1274	0.31	0.45	0.5	0.17	0.5	0.0	0.49	0.22	0
1275	0.55	0.41	0.56	0.21	0.5	0.0	0.52	0.22	0
1276	0.4	0.48	0.5	0.17	0.5	0.0	0.54	0.5	0
1277	0.58	0.45	0.48	0.24	0.5	0.0	0.52	0.37	0
1278	0.58	0.41	0.51	0.26	0.5	0.0	0.51	0.37	0
1279	0.69	0.5	0.49	0.42	0.5	0.0	0.49	0.22	0
1280	0.38	0.49	0.61	0.13	0.5	0.0	0.54	0.22	0
1281	0.21	0.38	0.49	0.16	0.5	0.0	0.51	0.45	0
1282	0.57	0.59	0.5	0.58	0.5	0.0	0.53	0.22	0
1283	0.48	0.34	0.47	0.14	0.5	0.0	0.47	0.26	0
1284	0.35	0.4	0.53	0.18	0.5	0.0	0.42	0.38	0
1285	0.47	0.45	0.53	0.62	0.5	0.0	0.46	0.22	0
1286	0.53	0.43	0.47	0.15	0.5	0.0	0.58	0.22	0
1287	0.46	0.45	0.56	0.16	0.5	0.0	0.56	0.22	0
1288	0.48	0.46	0.38	0.29	0.5	0.0	0.53	0.22	0
1289	0.56	0.44	0.56	0.19	0.5	0.0	0.54	0.22	0
1290	0.51	0.63	0.3	0.35	0.5	0.0	0.53	0.27	0
1291	0.53	0.68	0.34	0.42	0.5	0.0	0.54	0.27	0
1292	0.33	0.28	0.31	0.24	0.5	0.0	0.53	0.22	0
1293	0.85	0.85	0.3	0.31	0.5	0.0	0.55	0.42	0
1294	0.61	0.54	0.49	0.16	0.5	0.0	0.54	0.42	0
1295	0.55	0.53	0.56	0.29	0.5	0.0	0.48	0.22	0
1296	0.66	0.62	0.52	0.17	0.5	0.0	0.49	0.22	0
1297	0.44	0.41	0.58	0.2	0.5	0.0	0.57	0.25	0
1298	0.34	0.66	0.51	0.16	0.5	0.0	0.47	0.33	1
1299	0.4	0.34	0.52	0.17	0.5	0.0	0.47	0.51	1
1300	0.58	0.48	0.56	0.1	0.5	0.0	0.46	0.25	1
1301	0.58	0.48	0.56	0.12	0.5	0.0	0.46	0.25	1
1302	0.41	0.6	0.53	0.29	0.5	0.0	0.47	0.43	1
1303	0.6	0.48	0.44	0.52	0.5	0.0	0.54	0.63	1
1304	0.47	0.49	0.63	0.17	0.5	0.0	0.31	0.26	1
1305	0.28	0.51	0.55	0.11	0.5	0.0	0.46	0.22	1
1306	0.56	0.57	0.63	0.39	1.0	0.0	0.59	0.4	1
1307	0.46	0.57	0.57	0.15	0.5	0.0	0.52	0.26	1
1308	0.43	0.42	0.54	0.22	0.5	0.0	0.57	0.33	1
1309	0.44	0.42	0.62	0.14	0.5	0.0	0.55	0.37	1
1310	0.37	0.34	0.58	0.24	0.5	0.0	0.44	0.18	1
1311	0.37	0.34	0.58	0.24	0.5	0.0	0.44	0.18	1
1312	0.39	0.39	0.55	0.52	0.5	0.0	0.37	0.16	1
1313	0.39	0.39	0.55	0.52	0.5	0.0	0.37	0.16	1
1314	0.48	0.57	0.5	0.09	0.5	0.0	0.52	0.42	1
1315	0.61	0.57	0.45	0.21	0.5	0.0	0.5	0.42	1
1316	0.37	0.22	0.64	0.35	0.5	0.0	0.47	0.22	1
1317	0.51	0.48	0.58	0.22	0.5	0.0	0.5	0.28	1
1318	0.49	0.37	0.59	0.17	0.5	0.0	0.51	0.22	1
1319	0.51	0.48	0.58	0.22	0.5	0.0	0.5	0.28	1
1320	0.53	0.53	0.53	0.17	0.5	0.0	0.49	0.37	1
1321	0.29	0.68	0.47	0.26	0.5	0.0	0.47	0.37	1
1322	0.5	0.45	0.49	0.15	0.5	0.0	0.55	0.43	1
1323	0.43	0.39	0.51	0.28	0.5	0.0	0.4	0.22	1
1324	0.34	0.35	0.61	0.19	0.5	0.0	0.52	0.25	1
1325	0.44	0.53	0.52	0.37	0.5	0.0	0.5	0.22	1
1326	0.44	0.53	0.52	0.37	0.5	0.0	0.5	0.22	1
1327	0.32	0.34	0.61	0.17	0.5	0.0	0.52	0.32	1
1328	0.34	0.34	0.61	0.18	0.5	0.0	0.52	0.32	1
1329	0.54	0.45	0.62	0.13	0.5	0.0	0.52	0.26	1
1330	0.56	0.45	0.59	0.14	0.5	0.0	0.51	0.26	1
1331	0.45	0.38	0.59	0.18	0.5	0.0	0.44	0.45	1
1332	0.42	0.32	0.61	0.13	0.5	0.0	0.14	0.27	1
1333	0.5	0.45	0.49	0.3	0.5	0.0	0.47	0.4	1
1334	0.23	0.34	0.41	0.28	0.5	0.0	0.5	0.27	1
1335	0.34	0.31	0.6	0.37	0.5	0.0	0.5	0.3	1
1336	0.59	0.53	0.47	0.26	0.5	0.0	0.53	0.31	1
1337	0.57	0.49	0.48	0.16	0.5	0.0	0.51	0.22	1
1338	0.43	0.32	0.56	0.27	0.5	0.0	0.47	0.27	1
1339	0.52	0.48	0.54	0.28	0.5	0.0	0.54	0.22	1
1340	0.43	0.38	0.51	0.24	0.5	0.0	0.46	0.33	1
