	1	2	3	4	5	6	7	8	label
0	3	0.525	0.395	0.12	0.608	0.297	0.1395	0.1405	8
1	3	0.53	0.4	0.125	0.617	0.279	0.127	0.19	8
2	1	0.55	0.415	0.135	0.8145	0.427	0.1855	0.175	8
3	1	0.55	0.43	0.15	0.84	0.395	0.195	0.223	8
4	2	0.56	0.445	0.16	0.8965	0.42	0.2175	0.2215	8
5	1	0.56	0.44	0.155	0.6405	0.336	0.1765	0.245	8
6	2	0.56	0.415	0.145	0.852	0.43	0.1885	0.205	8
7	2	0.565	0.435	0.15	0.99	0.5795	0.1825	0.206	8
8	1	0.57	0.445	0.145	0.8775	0.412	0.217	0.22	8
9	3	0.57	0.44	0.15	0.755	0.3425	0.16	0.224	8
10	2	0.58	0.455	0.15	1.114	0.4765	0.2155	0.265	8
11	2	0.58	0.45	0.145	1.0025	0.547	0.1975	0.2295	8
12	2	0.59	0.47	0.15	0.9955	0.481	0.232	0.24	8
13	2	0.6	0.455	0.17	1.1915	0.696	0.2395	0.24	8
14	1	0.6	0.465	0.15	1.1025	0.5455	0.262	0.25	8
15	2	0.61	0.485	0.16	1.0145	0.5315	0.212	0.2415	8
16	2	0.62	0.47	0.135	1.0195	0.5315	0.2005	0.2475	8
17	2	0.62	0.45	0.2	0.858	0.4285	0.1525	0.2405	8
18	1	0.62	0.48	0.16	1.1125	0.5635	0.2445	0.281	8
19	2	0.625	0.48	0.185	1.2065	0.587	0.29	0.286	8
20	2	0.63	0.47	0.155	1.1325	0.589	0.211	0.287	8
21	2	0.665	0.525	0.16	1.363	0.629	0.279	0.34	8
22	2	0.72	0.565	0.145	1.187	0.691	0.1945	0.2685	8
23	3	0.245	0.205	0.06	0.0765	0.034	0.014	0.0215	4
24	3	0.35	0.255	0.09	0.1785	0.0855	0.0305	0.0525	8
25	3	0.36	0.27	0.085	0.196	0.0875	0.035	0.064	4
26	3	0.375	0.28	0.08	0.2025	0.0825	0.048	0.065	8
27	3	0.38	0.27	0.08	0.2105	0.0865	0.042	0.07	8
28	3	0.385	0.28	0.085	0.2175	0.097	0.038	0.067	8
29	3	0.395	0.305	0.105	0.284	0.1135	0.0595	0.0945	8
30	3	0.395	0.295	0.095	0.2725	0.115	0.0625	0.085	8
31	3	0.43	0.34	0.0	0.428	0.2065	0.086	0.115	8
32	3	0.43	0.315	0.095	0.378	0.175	0.08	0.1045	8
33	3	0.455	0.345	0.105	0.4005	0.164	0.0755	0.126	8
34	1	0.455	0.365	0.115	0.4305	0.184	0.108	0.1245	8
35	3	0.455	0.33	0.1	0.372	0.358	0.0775	0.11	8
36	1	0.46	0.365	0.125	0.4785	0.206	0.1045	0.141	8
37	3	0.47	0.365	0.1	0.411	0.175	0.0855	0.135	8
38	3	0.47	0.355	0.18	0.48	0.2055	0.105	0.1505	8
39	3	0.47	0.355	0.12	0.393	0.167	0.0885	0.115	8
40	3	0.475	0.355	0.1	0.5035	0.2535	0.091	0.14	8
41	3	0.475	0.38	0.12	0.441	0.1785	0.0885	0.1505	8
42	3	0.475	0.36	0.11	0.492	0.211	0.11	0.15	8
43	3	0.48	0.355	0.115	0.4725	0.2065	0.112	0.132	8
44	3	0.48	0.365	0.1	0.461	0.2205	0.0835	0.135	8
45	3	0.495	0.355	0.12	0.4965	0.214	0.1045	0.1495	8
46	2	0.495	0.395	0.12	0.553	0.224	0.1375	0.167	8
47	3	0.505	0.405	0.13	0.6015	0.3015	0.11	0.18	8
48	3	0.505	0.395	0.105	0.551	0.248	0.103	0.171	8
49	3	0.535	0.415	0.15	0.5765	0.3595	0.135	0.225	8
50	3	0.545	0.435	0.135	0.7715	0.372	0.148	0.227	8
51	3	0.545	0.405	0.135	0.5945	0.27	0.1185	0.185	8
52	1	0.565	0.45	0.145	0.8495	0.4215	0.1685	0.225	8
53	2	0.565	0.445	0.15	0.796	0.3635	0.184	0.219	8
54	3	0.57	0.45	0.135	0.794	0.3815	0.1415	0.245	8
55	1	0.58	0.445	0.15	0.858	0.4	0.156	0.253	8
56	2	0.585	0.45	0.18	0.7995	0.336	0.1855	0.237	8
57	3	0.23	0.165	0.06	0.0515	0.019	0.0145	0.036	4
58	3	0.405	0.31	0.095	0.3425	0.1785	0.064	0.0855	8
59	2	0.44	0.32	0.12	0.4565	0.2435	0.092	0.1025	8
60	3	0.46	0.355	0.11	0.436	0.1975	0.096	0.125	8
61	2	0.475	0.37	0.125	0.649	0.347	0.136	0.142	8
62	2	0.485	0.39	0.085	0.6435	0.2945	0.103	0.198	8
63	3	0.515	0.395	0.125	0.556	0.2695	0.096	0.17	8
64	2	0.515	0.425	0.145	0.9365	0.497	0.181	0.2185	8
65	2	0.52	0.4	0.125	0.559	0.254	0.139	0.149	8
66	2	0.525	0.4	0.14	0.7205	0.3685	0.145	0.1735	8
67	2	0.53	0.4	0.125	0.7575	0.398	0.151	0.175	8
68	1	0.55	0.43	0.14	0.84	0.375	0.218	0.1945	8
69	1	0.56	0.43	0.15	0.8745	0.453	0.161	0.22	8
70	2	0.57	0.445	0.15	0.9875	0.504	0.207	0.249	8
71	2	0.575	0.46	0.165	0.9155	0.4005	0.2465	0.2385	8
72	2	0.585	0.455	0.15	0.906	0.4095	0.23	0.2335	8
73	2	0.59	0.44	0.15	0.8725	0.387	0.215	0.245	8
74	1	0.59	0.46	0.145	0.9905	0.453	0.2205	0.275	8
75	2	0.6	0.455	0.155	0.945	0.4365	0.2085	0.25	8
76	3	0.615	0.475	0.13	0.8425	0.353	0.1915	0.251	8
77	1	0.62	0.435	0.155	1.012	0.477	0.236	0.275	8
78	2	0.635	0.51	0.185	1.308	0.544	0.318	0.377	8
79	2	0.65	0.485	0.14	1.175	0.475	0.2435	0.215	8
80	3	0.36	0.27	0.095	0.2	0.073	0.056	0.061	8
81	3	0.385	0.29	0.09	0.2365	0.1	0.0505	0.076	8
82	3	0.385	0.3	0.09	0.308	0.1525	0.056	0.0835	8
83	3	0.41	0.3	0.09	0.304	0.129	0.071	0.0955	8
84	3	0.41	0.3	0.09	0.28	0.141	0.0575	0.075	8
85	3	0.425	0.325	0.11	0.317	0.135	0.048	0.09	8
86	3	0.45	0.34	0.095	0.3245	0.1385	0.064	0.105	8
87	3	0.465	0.345	0.11	0.393	0.1825	0.0735	0.12	8
88	3	0.47	0.355	0.125	0.499	0.21	0.0985	0.155	8
89	3	0.475	0.36	0.145	0.6325	0.2825	0.137	0.19	8
90	3	0.475	0.36	0.125	0.4905	0.205	0.1305	0.125	8
91	3	0.48	0.37	0.12	0.536	0.251	0.114	0.15	8
92	2	0.48	0.355	0.16	0.464	0.221	0.106	0.239	8
93	3	0.49	0.375	0.115	0.4615	0.204	0.0945	0.143	8
94	3	0.49	0.4	0.135	0.624	0.3035	0.1285	0.169	8
95	3	0.495	0.37	0.125	0.4715	0.2075	0.091	0.15	8
96	3	0.495	0.4	0.105	0.602	0.2505	0.1265	0.19	8
97	3	0.5	0.4	0.12	0.616	0.261	0.143	0.1935	8
98	3	0.5	0.39	0.12	0.5955	0.2455	0.147	0.173	8
99	3	0.515	0.395	0.125	0.6635	0.32	0.14	0.17	8
100	3	0.515	0.39	0.125	0.5705	0.238	0.1265	0.185	8
101	2	0.525	0.415	0.145	0.845	0.3525	0.1635	0.2875	8
102	3	0.525	0.38	0.135	0.615	0.261	0.159	0.175	8
103	3	0.54	0.425	0.135	0.686	0.3475	0.1545	0.213	8
104	3	0.545	0.375	0.12	0.543	0.2375	0.1155	0.1725	8
105	3	0.545	0.42	0.125	0.717	0.358	0.112	0.22	8
106	3	0.55	0.415	0.145	0.7815	0.373	0.16	0.2215	8
107	3	0.55	0.425	0.15	0.7665	0.339	0.176	0.21	8
108	3	0.555	0.435	0.14	0.765	0.3945	0.15	0.206	8
109	3	0.56	0.44	0.13	0.7235	0.349	0.149	0.2	8
110	1	0.57	0.45	0.135	0.7805	0.3345	0.185	0.21	8
111	2	0.575	0.455	0.165	0.867	0.3765	0.1805	0.268	8
112	1	0.575	0.465	0.195	0.9965	0.417	0.247	0.47	8
113	1	0.575	0.435	0.15	1.0305	0.4605	0.218	0.36	8
114	1	0.58	0.435	0.15	0.834	0.428	0.1515	0.23	8
115	1	0.595	0.435	0.15	0.9	0.4175	0.17	0.265	8
116	3	0.595	0.46	0.15	0.8335	0.377	0.1925	0.235	8
117	1	0.6	0.46	0.155	0.9735	0.427	0.2045	0.3	8
118	3	0.6	0.48	0.17	0.9175	0.38	0.2225	0.29	8
119	2	0.605	0.475	0.145	0.884	0.3835	0.1905	0.27	8
120	1	0.605	0.48	0.14	0.991	0.4735	0.2345	0.24	8
121	1	0.63	0.5	0.18	1.1965	0.514	0.2325	0.3995	8
122	3	0.435	0.3	0.12	0.5965	0.259	0.139	0.1645	8
123	3	0.455	0.325	0.135	0.82	0.4005	0.1715	0.211	8
124	3	0.455	0.345	0.11	0.434	0.207	0.0855	0.1215	8
125	3	0.485	0.365	0.105	0.5205	0.195	0.123	0.182	8
126	1	0.49	0.355	0.16	0.8795	0.3485	0.215	0.2825	8
127	2	0.515	0.395	0.135	1.007	0.472	0.2495	0.252	8
128	2	0.53	0.41	0.14	0.7545	0.3495	0.1715	0.2105	8
129	1	0.535	0.425	0.135	0.771	0.3765	0.1815	0.1795	8
130	3	0.535	0.385	0.18	1.0835	0.4955	0.2295	0.304	8
131	3	0.545	0.42	0.165	0.8935	0.4235	0.2195	0.228	8
132	3	0.585	0.45	0.15	0.8915	0.3975	0.2035	0.253	8
133	1	0.64	0.475	0.14	1.0725	0.4895	0.2295	0.31	8
134	3	0.24	0.18	0.055	0.0555	0.0235	0.013	0.018	4
135	3	0.39	0.31	0.105	0.2665	0.1185	0.0525	0.081	8
136	3	0.415	0.31	0.095	0.311	0.1125	0.0625	0.115	8
137	3	0.43	0.34	0.1	0.3405	0.1395	0.0665	0.12	8
138	3	0.435	0.33	0.105	0.335	0.156	0.0555	0.105	8
139	3	0.445	0.33	0.11	0.358	0.1525	0.067	0.1185	8
140	3	0.47	0.375	0.12	0.487	0.196	0.099	0.135	8
141	3	0.485	0.36	0.12	0.5155	0.2465	0.1025	0.147	8
142	3	0.495	0.38	0.135	0.5095	0.2065	0.1165	0.165	8
143	3	0.495	0.38	0.145	0.5	0.205	0.148	0.1505	8
144	3	0.495	0.375	0.14	0.494	0.181	0.0975	0.191	8
145	3	0.505	0.4	0.145	0.7045	0.334	0.1425	0.207	8
146	2	0.515	0.385	0.11	0.5785	0.253	0.16	0.14	8
147	3	0.52	0.41	0.11	0.5185	0.2165	0.0915	0.184	8
148	3	0.525	0.405	0.145	0.6965	0.3045	0.1535	0.21	8
149	3	0.53	0.43	0.14	0.677	0.298	0.0965	0.23	8
150	3	0.54	0.39	0.125	0.6255	0.2525	0.158	0.19	8
151	2	0.555	0.435	0.14	0.7495	0.341	0.1645	0.214	8
152	2	0.555	0.41	0.125	0.599	0.2345	0.1465	0.194	8
153	2	0.61	0.48	0.14	1.031	0.4375	0.2615	0.27	8
154	1	0.61	0.46	0.155	0.957	0.4255	0.1975	0.265	8
155	3	0.135	0.13	0.04	0.029	0.0125	0.0065	0.008	4
156	3	0.16	0.11	0.025	0.0195	0.0075	0.005	0.006	4
157	3	0.415	0.325	0.11	0.316	0.1385	0.0795	0.0925	8
158	3	0.43	0.32	0.11	0.3675	0.1675	0.102	0.105	8
159	2	0.45	0.33	0.105	0.4955	0.2575	0.082	0.129	8
160	3	0.475	0.365	0.12	0.5185	0.268	0.1095	0.1365	8
161	3	0.32	0.255	0.085	0.1745	0.072	0.033	0.057	8
162	3	0.325	0.24	0.07	0.152	0.0565	0.0305	0.054	8
163	3	0.385	0.28	0.1	0.2755	0.1305	0.061	0.0725	8
164	3	0.405	0.31	0.09	0.312	0.138	0.06	0.087	8
165	3	0.445	0.32	0.12	0.378	0.152	0.0825	0.12	8
166	2	0.45	0.35	0.13	0.4655	0.2075	0.1045	0.135	8
167	1	0.455	0.355	1.13	0.594	0.332	0.116	0.1335	8
168	2	0.46	0.345	0.12	0.4935	0.2435	0.1175	0.132	8
169	3	0.48	0.35	0.135	0.5465	0.2735	0.0995	0.158	8
170	2	0.485	0.39	0.135	0.617	0.25	0.1345	0.1635	8
171	3	0.49	0.37	0.11	0.538	0.271	0.1035	0.139	8
172	1	0.5	0.38	0.14	0.6355	0.277	0.143	0.1785	8
173	2	0.525	0.385	0.1	0.5115	0.246	0.1005	0.1455	8
174	2	0.535	0.42	0.125	0.738	0.355	0.1895	0.1795	8
175	1	0.535	0.42	0.13	0.699	0.3125	0.1565	0.2035	8
176	2	0.58	0.45	0.12	0.8685	0.418	0.1475	0.2605	8
177	1	0.61	0.43	0.14	0.909	0.438	0.2	0.22	8
178	2	0.61	0.48	0.165	1.2435	0.5575	0.2675	0.372	8
179	2	0.65	0.5	0.14	1.238	0.6165	0.2355	0.32	8
180	1	0.505	0.39	0.115	0.66	0.3045	0.1555	0.175	8
181	2	0.47	0.35	0.1	0.4775	0.1885	0.0885	0.175	8
182	2	0.525	0.405	0.13	0.7185	0.3265	0.1975	0.175	8
183	3	0.13	0.095	0.035	0.0105	0.005	0.0065	0.0035	4
184	1	0.48	0.38	0.12	0.608	0.2705	0.1405	0.185	8
185	2	0.47	0.375	0.115	0.4265	0.1685	0.0755	0.15	8
186	1	0.44	0.33	0.115	0.4005	0.143	0.113	0.12	8
187	2	0.415	0.31	0.09	0.3245	0.1305	0.0735	0.115	8
188	1	0.4	0.3	0.115	0.3025	0.1335	0.0465	0.0935	8
189	3	0.165	0.115	0.015	0.0145	0.0055	0.003	0.005	4
190	2	0.42	0.34	0.115	0.4215	0.175	0.093	0.135	8
191	1	0.43	0.325	0.12	0.445	0.165	0.0995	0.155	8
192	1	0.535	0.46	0.145	0.7875	0.3395	0.2005	0.2	8
193	3	0.46	0.335	0.11	0.444	0.225	0.0745	0.11	8
194	1	0.46	0.36	0.115	0.4755	0.2105	0.105	0.16	8
195	2	0.52	0.38	0.135	0.5825	0.2505	0.1565	0.175	8
196	2	0.43	0.335	0.115	0.406	0.166	0.0935	0.135	8
197	3	0.485	0.415	0.14	0.5705	0.25	0.134	0.185	8
198	2	0.475	0.36	0.12	0.578	0.2825	0.12	0.17	8
199	3	0.495	0.385	0.125	0.585	0.2755	0.1235	0.165	8
200	3	0.315	0.24	0.07	0.137	0.0545	0.0315	0.04	8
201	3	0.395	0.325	0.105	0.306	0.111	0.0735	0.095	8
202	3	0.42	0.325	0.115	0.354	0.1625	0.064	0.105	8
203	1	0.43	0.34	0.11	0.382	0.154	0.0955	0.109	8
204	1	0.64	0.5	0.15	1.0705	0.371	0.2705	0.36	8
205	3	0.325	0.2	0.08	0.0995	0.0395	0.0225	0.032	8
206	3	0.2	0.145	0.05	0.036	0.0125	0.008	0.011	4
207	2	0.44	0.325	0.08	0.413	0.144	0.1015	0.13	8
208	1	0.37	0.275	0.08	0.227	0.093	0.0625	0.07	8
209	1	0.47	0.355	0.18	0.441	0.1525	0.1165	0.135	8
210	2	0.39	0.285	0.095	0.271	0.11	0.06	0.08	8
211	3	0.355	0.26	0.09	0.1925	0.077	0.038	0.065	8
212	3	0.42	0.31	0.1	0.2865	0.115	0.0735	0.085	8
213	3	0.42	0.32	0.1	0.34	0.1745	0.05	0.0945	8
214	2	0.465	0.375	0.11	0.5	0.21	0.113	0.1505	8
215	1	0.465	0.35	0.135	0.6265	0.259	0.1445	0.175	8
216	3	0.47	0.37	0.11	0.5555	0.25	0.115	0.163	8
217	1	0.47	0.375	0.12	0.6015	0.2765	0.1455	0.135	8
218	2	0.5	0.4	0.13	0.7715	0.37	0.16	0.211	8
219	1	0.6	0.5	0.155	1.332	0.6235	0.2835	0.35	8
220	3	0.205	0.15	0.065	0.04	0.02	0.011	0.013	4
221	3	0.225	0.17	0.07	0.0565	0.024	0.013	0.016	4
222	3	0.275	0.195	0.07	0.0875	0.0345	0.022	0.0255	4
223	3	0.45	0.35	0.12	0.468	0.2005	0.1065	0.1325	8
224	3	0.475	0.355	0.105	0.468	0.201	0.1115	0.12	8
225	2	0.48	0.37	0.1	0.5135	0.243	0.1015	0.135	8
226	2	0.525	0.425	0.125	0.812	0.4035	0.1705	0.195	8
227	1	0.53	0.405	0.15	0.889	0.4055	0.2275	0.215	8
228	1	0.55	0.425	0.125	0.964	0.5475	0.159	0.215	8
229	1	0.57	0.435	0.14	0.8585	0.3905	0.196	0.2295	8
230	1	0.58	0.445	0.145	0.888	0.41	0.1815	0.2425	8
231	1	0.585	0.45	0.16	0.9045	0.405	0.2215	0.2335	8
232	1	0.6	0.46	0.145	0.9325	0.3985	0.2245	0.248	8
233	1	0.6	0.46	0.15	1.235	0.6025	0.274	0.29	8
234	2	0.61	0.48	0.15	1.1495	0.564	0.274	0.264	8
235	2	0.615	0.47	0.155	1.2	0.5085	0.32	0.292	8
236	1	0.625	0.49	0.175	1.1075	0.4485	0.2165	0.3595	8
237	2	0.63	0.48	0.165	1.286	0.604	0.271	0.35	8
238	2	0.69	0.54	0.185	1.71	0.7725	0.3855	0.4325	8
239	3	0.22	0.16	0.05	0.049	0.0215	0.01	0.015	4
240	3	0.415	0.315	0.1	0.3645	0.1765	0.0795	0.095	8
241	3	0.485	0.375	0.13	0.5535	0.266	0.112	0.157	8
242	3	0.49	0.375	0.125	0.5445	0.279	0.115	0.13	8
243	2	0.49	0.38	0.11	0.554	0.2935	0.1005	0.15	8
244	3	0.5	0.39	0.125	0.583	0.294	0.132	0.1605	8
245	3	0.51	0.395	0.155	0.5395	0.2465	0.1085	0.167	8
246	3	0.51	0.385	0.15	0.625	0.3095	0.119	0.1725	8
247	3	0.55	0.42	0.13	0.636	0.294	0.144	0.1755	8
248	1	0.55	0.44	0.135	0.8435	0.434	0.1995	0.185	8
249	3	0.555	0.425	0.13	0.648	0.2835	0.133	0.2105	8
250	1	0.575	0.48	0.15	0.897	0.4235	0.1905	0.248	8
251	2	0.58	0.455	0.13	0.852	0.41	0.1725	0.225	8
252	1	0.585	0.435	0.14	0.6955	0.3085	0.129	0.2245	8
253	2	0.59	0.47	0.15	0.861	0.413	0.164	0.249	8
254	1	0.59	0.46	0.16	1.0115	0.445	0.2615	0.2565	8
255	1	0.595	0.465	0.15	1.1005	0.5415	0.166	0.265	8
256	2	0.63	0.465	0.15	1.027	0.537	0.188	0.176	8
257	3	0.21	0.15	0.045	0.04	0.0135	0.008	0.0105	4
258	3	0.25	0.175	0.06	0.0635	0.0275	0.008	0.02	4
259	3	0.375	0.29	0.14	0.3	0.14	0.0625	0.0825	8
260	3	0.385	0.285	0.085	0.244	0.1215	0.0445	0.068	8
261	3	0.395	0.32	0.1	0.3075	0.149	0.0535	0.09	8
262	3	0.405	0.31	0.11	0.91	0.416	0.2075	0.0995	8
263	3	0.41	0.315	0.1	0.3	0.124	0.0575	0.1	8
264	3	0.41	0.325	0.11	0.326	0.1325	0.075	0.101	8
265	3	0.42	0.325	0.115	0.314	0.1295	0.0635	0.1	8
266	3	0.42	0.315	0.11	0.4025	0.1855	0.083	0.1015	8
267	2	0.45	0.325	0.115	0.4305	0.2235	0.0785	0.1155	8
268	3	0.455	0.34	0.115	0.486	0.261	0.0655	0.1315	8
269	3	0.46	0.35	0.1	0.471	0.252	0.077	0.123	8
270	3	0.46	0.345	0.105	0.415	0.187	0.087	0.11	8
271	3	0.485	0.38	0.125	0.5215	0.2215	0.118	0.16	8
272	3	0.485	0.365	0.14	0.4475	0.1895	0.0925	0.2305	8
273	3	0.51	0.385	0.145	0.7665	0.3985	0.14	0.1805	8
274	3	0.515	0.39	0.11	0.531	0.2415	0.098	0.1615	8
275	3	0.525	0.385	0.13	0.607	0.2355	0.125	0.195	8
276	3	0.525	0.4	0.13	0.6445	0.345	0.1285	0.2	8
277	1	0.545	0.44	0.15	0.9475	0.366	0.239	0.275	8
278	1	0.555	0.445	0.175	1.1465	0.551	0.244	0.2785	8
279	1	0.585	0.455	0.13	0.8755	0.411	0.2065	0.225	8
280	2	0.6	0.48	0.09	1.05	0.457	0.2685	0.28	8
281	3	0.255	0.195	0.055	0.0725	0.0285	0.017	0.021	4
282	3	0.275	0.2	0.055	0.0925	0.038	0.021	0.026	4
283	3	0.36	0.27	0.09	0.232	0.12	0.0435	0.056	8
284	3	0.495	0.375	0.12	0.589	0.3075	0.1215	0.1405	8
285	3	0.5	0.375	0.12	0.529	0.2235	0.123	0.16	8
286	1	0.57	0.425	0.13	0.782	0.3695	0.1745	0.1965	8
287	2	0.57	0.42	0.14	0.8745	0.416	0.165	0.25	8
288	1	0.58	0.445	0.135	0.95	0.484	0.182	0.2325	8
289	2	0.625	0.5	0.13	1.082	0.5785	0.2045	0.25	8
290	1	0.645	0.49	0.16	1.144	0.5015	0.289	0.319	8
291	3	0.315	0.235	0.075	0.1285	0.051	0.028	0.0405	4
292	3	0.4	0.315	0.09	0.3245	0.151	0.073	0.088	8
293	3	0.425	0.34	0.1	0.371	0.15	0.0865	0.115	8
294	1	0.465	0.35	0.11	0.4085	0.165	0.102	0.131	8
295	3	0.47	0.385	0.13	0.587	0.264	0.117	0.174	8
296	3	0.475	0.375	0.11	0.494	0.211	0.109	0.1545	8
297	3	0.495	0.375	0.12	0.614	0.2855	0.1365	0.161	8
298	3	0.5	0.37	0.12	0.5445	0.249	0.1065	0.152	8
299	3	0.505	0.4	0.125	0.5605	0.2255	0.1435	0.17	8
300	2	0.505	0.365	0.115	0.521	0.25	0.096	0.15	8
301	3	0.51	0.4	0.125	0.5935	0.239	0.13	0.204	8
302	3	0.52	0.4	0.11	0.597	0.2935	0.1155	0.16	8
303	2	0.52	0.465	0.15	0.9505	0.456	0.199	0.255	8
304	3	0.53	0.38	0.125	0.616	0.292	0.113	0.185	8
305	1	0.535	0.445	0.125	0.8725	0.417	0.199	0.24	8
306	3	0.545	0.43	0.13	0.7595	0.358	0.153	0.2055	8
307	3	0.55	0.435	0.165	0.804	0.34	0.194	0.244	8
308	3	0.55	0.425	0.13	0.664	0.2695	0.163	0.21	8
309	3	0.56	0.43	0.13	0.728	0.3355	0.1435	0.2175	8
310	1	0.575	0.425	0.15	0.8765	0.455	0.18	0.228	8
311	2	0.575	0.45	0.165	0.9655	0.498	0.19	0.23	8
312	2	0.58	0.465	0.15	0.9065	0.371	0.1965	0.29	8
313	1	0.635	0.5	0.19	1.29	0.593	0.3045	0.352	8
314	3	0.43	0.345	0.115	0.4295	0.212	0.108	0.109	8
315	2	0.485	0.365	0.155	1.029	0.4235	0.2285	0.313	8
316	2	0.49	0.355	0.155	0.981	0.465	0.2015	0.2505	8
317	1	0.505	0.38	0.13	0.693	0.391	0.1195	0.1515	8
318	1	0.525	0.41	0.135	0.7905	0.4065	0.198	0.177	8
319	3	0.535	0.4	0.135	0.775	0.368	0.208	0.2055	8
320	2	0.595	0.485	0.15	1.0835	0.5305	0.231	0.276	8
321	3	0.595	0.43	0.165	0.9845	0.4525	0.207	0.2725	8
322	3	0.255	0.185	0.065	0.074	0.0305	0.0165	0.02	4
323	3	0.375	0.285	0.09	0.237	0.106	0.0395	0.08	8
324	3	0.39	0.28	0.09	0.215	0.0845	0.034	0.079	8
325	3	0.435	0.325	0.105	0.335	0.136	0.065	0.115	8
326	3	0.45	0.33	0.115	0.365	0.14	0.0825	0.1245	8
327	3	0.45	0.34	0.125	0.4045	0.171	0.07	0.1345	8
328	3	0.46	0.37	0.11	0.3965	0.1485	0.0855	0.1455	8
329	3	0.47	0.375	0.125	0.5225	0.2265	0.104	0.162	8
330	3	0.495	0.375	0.115	0.507	0.241	0.103	0.15	8
331	3	0.5	0.38	0.135	0.5285	0.226	0.123	0.209	8
332	3	0.525	0.4	0.11	0.6275	0.3015	0.126	0.18	8
333	2	0.535	0.41	0.12	0.6835	0.3125	0.1655	0.159	8
334	3	0.575	0.43	0.13	0.7425	0.2895	0.2005	0.22	8
335	3	0.59	0.47	0.145	0.974	0.453	0.236	0.289	8
336	3	0.225	0.17	0.05	0.0515	0.019	0.012	0.017	4
337	3	0.425	0.32	0.085	0.262	0.1235	0.067	0.0725	8
338	2	0.455	0.35	0.11	0.458	0.2	0.111	0.1305	8
339	1	0.55	0.43	0.15	0.655	0.2635	0.122	0.221	8
340	2	0.6	0.465	0.18	1.193	0.5145	0.315	0.3055	8
341	3	0.395	0.3	0.12	0.2995	0.1265	0.068	0.0895	8
342	3	0.41	0.325	0.105	0.361	0.1605	0.0665	0.103	8
343	1	0.47	0.36	0.1	0.4705	0.1635	0.089	0.1385	8
344	2	0.51	0.415	0.145	0.751	0.3295	0.1835	0.203	8
345	2	0.56	0.42	0.15	0.8755	0.44	0.1965	0.2315	8
346	2	0.46	0.36	0.125	0.547	0.2165	0.1105	0.19	8
347	3	0.2	0.15	0.04	0.046	0.021	0.007	0.0065	4
348	2	0.38	0.3	0.1	0.2505	0.106	0.0535	0.0775	8
349	3	0.27	0.195	0.07	0.102	0.045	0.0135	0.034	8
350	1	0.51	0.385	0.135	0.632	0.282	0.145	0.17	8
351	3	0.295	0.215	0.075	0.116	0.037	0.0295	0.04	8
352	2	0.52	0.415	0.175	0.753	0.258	0.171	0.255	8
353	3	0.345	0.285	0.1	0.2225	0.0865	0.058	0.075	8
354	3	0.455	0.375	0.125	0.533	0.233	0.106	0.185	8
355	2	0.165	0.125	0.04	0.0245	0.0095	0.0045	0.008	4
356	3	0.39	0.3	0.105	0.259	0.0955	0.038	0.085	8
357	3	0.475	0.365	0.14	0.4545	0.171	0.118	0.158	8
358	3	0.375	0.285	0.1	0.239	0.105	0.0555	0.07	8
359	2	0.335	0.255	0.075	0.1635	0.0615	0.0345	0.057	8
360	3	0.295	0.21	0.08	0.1	0.038	0.026	0.031	8
361	1	0.46	0.35	0.115	0.44	0.19	0.1025	0.13	8
362	2	0.37	0.28	0.105	0.224	0.0815	0.0575	0.075	8
363	3	0.35	0.28	0.075	0.196	0.082	0.04	0.064	8
364	3	0.48	0.355	0.115	0.5785	0.25	0.106	0.184	8
365	1	0.58	0.48	0.18	1.2495	0.4945	0.27	0.371	8
366	2	0.59	0.47	0.135	1.1685	0.539	0.279	0.28	8
367	3	0.25	0.18	0.065	0.0805	0.0345	0.0185	0.0215	4
368	3	0.395	0.3	0.09	0.279	0.134	0.049	0.075	8
369	3	0.44	0.35	0.125	0.456	0.21	0.0955	0.131	8
370	2	0.48	0.37	0.13	0.643	0.349	0.1155	0.135	8
371	3	0.495	0.4	0.145	0.578	0.2545	0.1305	0.1645	8
372	3	0.5	0.385	0.11	0.596	0.3015	0.104	0.151	8
373	1	0.505	0.39	0.12	0.5725	0.2555	0.1325	0.146	8
374	2	0.55	0.44	0.155	0.9155	0.3645	0.195	0.25	8
375	1	0.555	0.44	0.145	0.8815	0.43	0.1975	0.2155	8
376	1	0.555	0.42	0.11	0.931	0.4445	0.171	0.225	8
377	1	0.575	0.46	0.165	1.065	0.4985	0.2145	0.2815	8
378	1	0.61	0.47	0.16	1.0745	0.4925	0.236	0.29	8
379	2	0.615	0.505	0.19	1.403	0.6715	0.2925	0.365	8
380	3	0.21	0.15	0.055	0.0455	0.02	0.0065	0.013	4
381	3	0.45	0.34	0.105	0.4385	0.21	0.0925	0.12	8
382	3	0.475	0.42	0.16	0.7095	0.35	0.1505	0.1845	8
383	1	0.505	0.475	0.16	1.1155	0.509	0.239	0.3065	8
384	3	0.51	0.405	0.13	0.599	0.3065	0.1155	0.1485	8
385	3	0.52	0.38	0.13	0.5345	0.2375	0.122	0.1535	8
386	1	0.53	0.42	0.14	0.627	0.2905	0.1165	0.183	8
387	2	0.55	0.44	0.16	0.985	0.4645	0.201	0.27	8
388	2	0.555	0.44	0.145	0.85	0.4165	0.1685	0.23	8
389	2	0.555	0.44	0.15	0.838	0.4155	0.146	0.23	8
390	2	0.56	0.415	0.13	0.7615	0.3695	0.17	0.1955	8
391	2	0.575	0.44	0.145	0.87	0.3945	0.2195	0.225	8
392	2	0.6	0.41	0.145	0.939	0.4475	0.196	0.268	8
393	3	0.24	0.185	0.06	0.0655	0.0295	0.0005	0.02	4
394	3	0.26	0.205	0.07	0.097	0.0415	0.019	0.0305	4
395	3	0.425	0.325	0.11	0.405	0.1695	0.092	0.1065	8
396	3	0.435	0.34	0.12	0.396	0.1775	0.081	0.125	8
397	3	0.445	0.355	0.095	0.3615	0.1415	0.0785	0.12	8
398	3	0.45	0.35	0.11	0.514	0.253	0.1045	0.14	8
399	3	0.455	0.435	0.11	0.4265	0.195	0.09	0.1205	8
400	3	0.46	0.34	0.09	0.384	0.1795	0.068	0.11	8
401	3	0.475	0.36	0.135	0.4355	0.196	0.0925	0.125	8
402	2	0.505	0.39	0.115	0.5585	0.2575	0.119	0.1535	8
403	3	0.525	0.39	0.105	0.567	0.2875	0.1075	0.16	8
404	3	0.53	0.42	0.13	0.658	0.296	0.1245	0.198	8
405	2	0.535	0.415	0.135	0.78	0.3165	0.169	0.2365	8
406	3	0.54	0.41	0.135	0.7025	0.31	0.177	0.2	8
407	1	0.57	0.42	0.16	0.8875	0.4315	0.1915	0.223	8
408	3	0.575	0.455	0.155	0.8725	0.349	0.2095	0.285	8
409	2	0.6	0.47	0.15	0.928	0.4225	0.183	0.275	8
410	1	0.655	0.53	0.165	1.2835	0.583	0.1255	0.4	8
411	3	0.175	0.125	0.04	0.028	0.0095	0.008	0.009	4
412	3	0.37	0.285	0.095	0.226	0.1135	0.0515	0.0675	8
413	3	0.455	0.37	0.11	0.514	0.2385	0.1235	0.126	8
414	3	0.495	0.375	0.115	0.5755	0.31	0.1145	0.1395	8
415	2	0.515	0.39	0.14	0.678	0.341	0.1325	0.119	8
416	1	0.655	0.455	0.17	1.275	0.583	0.303	0.333	8
417	3	0.39	0.29	0.09	0.2745	0.135	0.0455	0.078	8
418	3	0.44	0.34	0.105	0.344	0.123	0.081	0.125	8
419	3	0.44	0.32	0.095	0.3275	0.1495	0.059	0.1	8
420	3	0.465	0.355	0.12	0.4975	0.2375	0.099	0.14	8
421	3	0.47	0.345	0.12	0.3685	0.1525	0.0615	0.125	8
422	3	0.485	0.365	0.125	0.426	0.163	0.0965	0.151	8
423	3	0.52	0.415	0.14	0.6385	0.2945	0.1405	0.171	8
424	3	0.55	0.45	0.14	0.753	0.3445	0.1325	0.24	8
425	3	0.575	0.44	0.15	0.983	0.486	0.215	0.239	8
426	2	0.59	0.465	0.135	0.9895	0.4235	0.199	0.28	8
427	3	0.5	0.395	0.145	0.7865	0.332	0.1815	0.2455	8
428	3	0.435	0.375	0.11	0.4155	0.17	0.076	0.145	8
429	3	0.475	0.355	0.135	0.4775	0.2145	0.09	0.1435	8
430	3	0.475	0.36	0.11	0.452	0.191	0.099	0.13	8
431	3	0.485	0.37	0.14	0.5065	0.2425	0.088	0.1465	8
432	3	0.51	0.395	0.105	0.5525	0.234	0.127	0.165	8
433	3	0.53	0.395	0.115	0.475	0.2025	0.101	0.148	8
434	2	0.58	0.45	0.155	0.8275	0.321	0.1975	0.2445	8
435	1	0.63	0.475	0.15	1.072	0.433	0.2975	0.315	8
436	3	0.425	0.31	0.095	0.3505	0.1645	0.071	0.1	8
437	1	0.45	0.365	0.115	0.5885	0.318	0.121	0.1325	8
438	1	0.52	0.375	0.135	0.5375	0.221	0.117	0.17	8
439	3	0.525	0.4	0.125	0.5655	0.2435	0.119	0.175	8
440	3	0.35	0.26	0.095	0.221	0.0985	0.043	0.07	8
441	3	0.46	0.34	0.1	0.386	0.1805	0.0875	0.0965	8
442	2	0.465	0.355	0.12	0.5315	0.2725	0.097	0.1395	8
443	2	0.475	0.385	0.12	0.562	0.289	0.0905	0.153	8
444	2	0.57	0.45	0.14	0.9275	0.477	0.1605	0.2515	8
445	3	0.17	0.105	0.035	0.034	0.012	0.0085	0.005	4
446	3	0.335	0.25	0.095	0.185	0.0795	0.0495	0.055	8
447	2	0.52	0.425	0.125	0.79	0.372	0.205	0.19	8
448	2	0.41	0.335	0.115	0.4405	0.19	0.085	0.135	8
449	1	0.44	0.34	0.135	0.3975	0.1505	0.0945	0.135	8
450	3	0.14	0.105	0.035	0.0145	0.005	0.0035	0.005	4
451	3	0.16	0.12	0.02	0.018	0.0075	0.0045	0.005	4
452	2	0.245	0.18	0.065	0.0635	0.0245	0.0135	0.02	4
453	2	0.295	0.23	0.085	0.125	0.042	0.0285	0.043	8
454	1	0.47	0.35	0.115	0.487	0.1955	0.127	0.155	8
455	3	0.465	0.355	0.12	0.5805	0.255	0.0915	0.184	8
456	3	0.27	0.205	0.075	0.118	0.059	0.031	0.0305	4
457	2	0.415	0.315	0.12	0.4015	0.199	0.087	0.097	8
458	3	0.42	0.32	0.115	0.409	0.2055	0.0935	0.105	8
459	2	0.485	0.39	0.12	0.599	0.251	0.1345	0.169	8
460	2	0.565	0.455	0.15	0.9795	0.444	0.205	0.275	8
461	2	0.665	0.515	0.165	1.3855	0.621	0.302	0.3445	8
462	3	0.185	0.135	0.045	0.032	0.011	0.0065	0.01	4
463	3	0.485	0.375	0.125	0.562	0.2505	0.1345	0.1525	8
464	3	0.51	0.39	0.125	0.597	0.293	0.1265	0.1555	8
465	2	0.61	0.49	0.16	1.146	0.597	0.246	0.265	8
466	1	0.62	0.465	0.14	1.011	0.479	0.2385	0.255	8
467	2	0.625	0.505	0.175	1.131	0.5425	0.2265	0.323	8
468	2	0.66	0.485	0.155	1.2275	0.61	0.274	0.3	8
469	3	0.42	0.31	0.1	0.2805	0.1125	0.0615	0.0925	8
470	3	0.44	0.325	0.11	0.4965	0.258	0.1195	0.1075	8
471	3	0.485	0.365	0.09	0.651	0.3165	0.132	0.18	8
472	3	0.54	0.42	0.14	0.74	0.3595	0.159	0.1985	8
473	1	0.58	0.46	0.135	0.926	0.4025	0.208	0.275	8
474	2	0.515	0.39	0.12	0.6125	0.302	0.1365	0.1415	8
475	3	0.545	0.405	0.13	0.658	0.327	0.1445	0.174	8
476	3	0.455	0.335	0.105	0.4055	0.175	0.092	0.1185	8
477	3	0.485	0.375	0.11	0.464	0.2015	0.09	0.149	8
478	3	0.5	0.36	0.12	0.439	0.1875	0.1055	0.1305	8
479	3	0.52	0.4	0.14	0.622	0.278	0.1455	0.169	8
480	2	0.545	0.45	0.15	0.7805	0.3795	0.1625	0.216	8
481	3	0.545	0.43	0.14	0.772	0.289	0.19	0.2615	8
482	2	0.55	0.385	0.13	0.7275	0.343	0.1625	0.19	8
483	3	0.555	0.43	0.125	0.7005	0.3395	0.1355	0.2095	8
484	2	0.59	0.45	0.155	0.874	0.369	0.2135	0.24	8
485	2	0.48	0.365	0.13	0.5305	0.2405	0.127	0.139	8
486	3	0.515	0.4	0.14	0.7165	0.3495	0.1595	0.1785	8
487	3	0.56	0.42	0.14	0.837	0.414	0.214	0.2	8
488	3	0.3	0.215	0.05	0.1185	0.048	0.0225	0.042	4
489	3	0.46	0.365	0.11	0.4495	0.1755	0.102	0.15	8
490	3	0.49	0.375	0.115	0.557	0.2275	0.1335	0.1765	8
491	3	0.5	0.385	0.12	0.516	0.197	0.1305	0.165	8
492	2	0.555	0.435	0.145	0.9205	0.404	0.2275	0.255	8
493	3	0.43	0.315	0.115	0.384	0.1885	0.0715	0.11	8
494	2	0.475	0.37	0.11	0.4895	0.2185	0.107	0.146	8
495	2	0.475	0.36	0.14	0.5135	0.241	0.1045	0.155	8
496	3	0.48	0.355	0.11	0.4495	0.201	0.089	0.14	8
497	2	0.385	0.255	0.1	0.3175	0.137	0.068	0.092	8
498	1	0.515	0.4	0.125	0.615	0.2865	0.123	0.1765	8
499	2	0.56	0.43	0.155	0.8675	0.4	0.172	0.229	8
