	Unnamed: 0	Unnamed: 1	1	2	3	4	5	6	7	8	9	10	11	12	13	label
0	8	0.89808	2.4056	0.59137	0.93186	0.98596	0.51229	0.029398	0.15729	0.044185	0.15479	0.0234	0.012336	7.63e-05	0.78887	1
1	9	0.86988	2.1277	0.53926	0.96257	1.0	0.64927	0.027899	0.14166	0.026849	0.096968	0.0093152	0.0032376	0.00010402	0.7271	1
2	10	0.86675	2.0417	0.52999	0.94477	0.98947	0.55141	0.028749	0.15043	0.031023	0.12007	0.014211	0.0064538	6.95e-05	0.64966	1
3	11	0.96652	3.8162	0.74273	0.82566	0.94737	0.32925	0.1446	3.8052	0.022715	0.10148	0.010193	0.0046292	4.45e-05	0.52175	1
4	12	0.93396	2.9367	0.66689	0.92543	0.99474	0.45676	0.030052	0.16437	0.015159	0.071198	0.0050436	0.0017096	4.85e-05	0.46762	1
5	1	0.61823	1.2435	0.33084	0.94147	0.9614	0.64089	0.024255	0.10708	0.017543	0.09745	0.0094072	0.0051286	1.28e-05	0.37324	1
6	2	0.61717	1.2296	0.34897	0.93189	0.97368	0.60176	0.025375	0.11719	0.012906	0.070197	0.0049035	0.0019323	2.44e-05	0.37728	1
7	3	0.62404	1.1599	0.47899	0.91562	0.85088	0.45154	0.097205	1.7197	0.013983	0.076408	0.0058043	0.0024109	2.56e-05	0.36029	1
8	4	0.48229	1.1574	0.42617	0.91741	0.92456	0.46699	0.063396	0.73147	0.026522	0.105	0.010904	0.0044681	6.78e-05	0.63468	1
9	5	0.5684	1.1876	0.48001	0.91247	0.79474	0.3885	0.089162	1.4469	0.027113	0.10182	0.010261	0.0037888	0.00010673	0.65567	1
10	6	0.62733	1.2441	0.50214	0.90049	0.86667	0.47758	0.092591	1.5603	0.02034	0.091645	0.0083289	0.0033696	4.91e-05	0.49195	1
11	7	0.58637	1.1419	0.30339	0.93305	0.92105	0.57323	0.041282	0.31016	0.022886	0.093704	0.0087041	0.0032291	0.00010441	0.54481	1
12	8	0.50771	1.1084	0.25071	0.93529	0.98596	0.64927	0.02595	0.12256	0.013493	0.073509	0.0053745	0.0021246	3.19e-05	0.3475	1
13	9	0.6018	1.2254	0.41835	0.94269	0.95263	0.54871	0.058835	0.62999	0.016202	0.074883	0.0055761	0.0018797	7.13e-05	0.43769	1
14	10	0.63548	1.202	0.47365	0.89373	0.86842	0.44347	0.077616	1.0964	0.022403	0.10386	0.010672	0.005084	3.13e-05	0.48911	1
15	11	0.65048	1.2354	0.44987	0.90929	0.89123	0.57594	0.070699	0.9097	0.0093349	0.0592	0.0034924	0.0013047	2.22e-05	0.26169	1
16	1	0.64604	1.4683	0.35457	0.9588	0.99123	0.70641	0.02021	0.074334	0.059026	0.12721	0.015925	0.0037362	0.0012496	1.3596	1
17	2	0.55457	1.2955	0.25519	0.97441	0.99825	0.7824	0.012063	0.026483	0.020129	0.076722	0.0058518	0.0016389	0.00012751	0.60629	1
18	3	0.4443	1.2035	0.19432	0.98319	1.0	0.833	0.010317	0.019373	0.029059	0.10265	0.010427	0.003627	0.00011748	0.73255	1
19	4	0.6368	1.4266	0.29976	0.9747	0.99825	0.78457	0.013385	0.032608	0.028272	0.084495	0.0070888	0.0017155	0.00031351	0.913	1
20	5	0.64168	1.4853	0.3362	0.95562	0.99825	0.72952	0.017439	0.05535	0.02413	0.074641	0.0055403	0.001194	0.00031921	0.82279	1
21	6	0.58232	1.343	0.29271	0.95055	0.99825	0.71499	0.026876	0.13146	0.068134	0.13204	0.017136	0.0036798	0.0014697	1.6315	1
22	7	0.44567	1.2107	0.20257	0.97104	0.99123	0.80094	0.016177	0.047628	0.020632	0.074115	0.0054631	0.0013865	0.00016174	0.66423	1
23	8	0.67925	1.487	0.33465	0.97307	0.98246	0.7713	0.012399	0.02798	0.0075996	0.044132	0.0019439	0.00049059	3.69e-05	0.28857	1
24	9	0.11708	1.0944	0.1745	0.97545	1.0	0.81957	0.016114	0.047259	0.033007	0.087092	0.0075278	0.001568	0.0006066	1.0292	1
25	10	0.53283	1.3078	0.25925	0.96727	1.0	0.77065	0.017745	0.057312	0.05341	0.12259	0.014806	0.0035923	0.0012358	1.1886	1
26	11	0.52828	1.2496	0.2238	0.98317	1.0	0.82495	0.010372	0.01958	0.047482	0.10274	0.010444	0.0019794	0.0011976	1.341	1
27	7	0.60803	1.0646	0.3446	0.90487	0.99649	0.67517	0.031915	0.18538	0.06245	0.16411	0.026225	0.010602	0.00022964	1.2307	0
28	8	0.56599	1.0427	0.35318	0.89086	0.99825	0.62068	0.032971	0.19785	0.026348	0.10589	0.011088	0.0046505	5.2e-05	0.62671	0
29	9	0.68605	1.1632	0.37528	0.91639	0.99825	0.61136	0.030339	0.16753	0.058401	0.16858	0.027633	0.012886	0.00015525	1.0815	0
30	10	0.59571	1.084	0.32592	0.92056	0.99825	0.65698	0.024753	0.11151	0.042051	0.14722	0.021213	0.010881	6.47e-05	0.83221	0
31	1	0.39432	1.1191	0.17272	0.96806	0.99298	0.73417	0.012499	0.028432	0.073063	0.13718	0.01847	0.0040597	0.00090977	1.8893	0
32	2	0.62011	1.3298	0.2836	0.96952	0.99825	0.77871	0.0086562	0.013637	0.04722	0.1186	0.013872	0.0037549	0.00044188	1.2024	0
33	3	0.73429	1.5069	0.40827	0.94518	1.0	0.62558	0.014987	0.040879	0.038113	0.092188	0.0084269	0.0017773	0.00047378	1.335	0
34	8	0.89808	2.4056	0.59137	0.93186	0.98596	0.51229	0.029398	0.15729	0.044185	0.15479	0.0234	0.012336	7.63e-05	0.78887	1
35	9	0.86988	2.1277	0.53926	0.96257	1.0	0.64927	0.027899	0.14166	0.026849	0.096968	0.0093152	0.0032376	0.00010402	0.7271	1
36	10	0.86675	2.0417	0.52999	0.94477	0.98947	0.55141	0.028749	0.15043	0.031023	0.12007	0.014211	0.0064538	6.95e-05	0.64966	1
37	11	0.96652	3.8162	0.74273	0.82566	0.94737	0.32925	0.1446	3.8052	0.022715	0.10148	0.010193	0.0046292	4.45e-05	0.52175	1
38	12	0.93396	2.9367	0.66689	0.92543	0.99474	0.45676	0.030052	0.16437	0.015159	0.071198	0.0050436	0.0017096	4.85e-05	0.46762	1
39	1	0.61823	1.2435	0.33084	0.94147	0.9614	0.64089	0.024255	0.10708	0.017543	0.09745	0.0094072	0.0051286	1.28e-05	0.37324	1
40	2	0.61717	1.2296	0.34897	0.93189	0.97368	0.60176	0.025375	0.11719	0.012906	0.070197	0.0049035	0.0019323	2.44e-05	0.37728	1
41	3	0.62404	1.1599	0.47899	0.91562	0.85088	0.45154	0.097205	1.7197	0.013983	0.076408	0.0058043	0.0024109	2.56e-05	0.36029	1
42	4	0.48229	1.1574	0.42617	0.91741	0.92456	0.46699	0.063396	0.73147	0.026522	0.105	0.010904	0.0044681	6.78e-05	0.63468	1
43	5	0.5684	1.1876	0.48001	0.91247	0.79474	0.3885	0.089162	1.4469	0.027113	0.10182	0.010261	0.0037888	0.00010673	0.65567	1
44	6	0.62733	1.2441	0.50214	0.90049	0.86667	0.47758	0.092591	1.5603	0.02034	0.091645	0.0083289	0.0033696	4.91e-05	0.49195	1
45	7	0.58637	1.1419	0.30339	0.93305	0.92105	0.57323	0.041282	0.31016	0.022886	0.093704	0.0087041	0.0032291	0.00010441	0.54481	1
46	8	0.50771	1.1084	0.25071	0.93529	0.98596	0.64927	0.02595	0.12256	0.013493	0.073509	0.0053745	0.0021246	3.19e-05	0.3475	1
47	9	0.6018	1.2254	0.41835	0.94269	0.95263	0.54871	0.058835	0.62999	0.016202	0.074883	0.0055761	0.0018797	7.13e-05	0.43769	1
48	10	0.63548	1.202	0.47365	0.89373	0.86842	0.44347	0.077616	1.0964	0.022403	0.10386	0.010672	0.005084	3.13e-05	0.48911	1
49	11	0.65048	1.2354	0.44987	0.90929	0.89123	0.57594	0.070699	0.9097	0.0093349	0.0592	0.0034924	0.0013047	2.22e-05	0.26169	1
50	1	0.64604	1.4683	0.35457	0.9588	0.99123	0.70641	0.02021	0.074334	0.059026	0.12721	0.015925	0.0037362	0.0012496	1.3596	1
51	2	0.55457	1.2955	0.25519	0.97441	0.99825	0.7824	0.012063	0.026483	0.020129	0.076722	0.0058518	0.0016389	0.00012751	0.60629	1
52	3	0.4443	1.2035	0.19432	0.98319	1.0	0.833	0.010317	0.019373	0.029059	0.10265	0.010427	0.003627	0.00011748	0.73255	1
53	4	0.6368	1.4266	0.29976	0.9747	0.99825	0.78457	0.013385	0.032608	0.028272	0.084495	0.0070888	0.0017155	0.00031351	0.913	1
54	5	0.64168	1.4853	0.3362	0.95562	0.99825	0.72952	0.017439	0.05535	0.02413	0.074641	0.0055403	0.001194	0.00031921	0.82279	1
55	6	0.58232	1.343	0.29271	0.95055	0.99825	0.71499	0.026876	0.13146	0.068134	0.13204	0.017136	0.0036798	0.0014697	1.6315	1
56	7	0.44567	1.2107	0.20257	0.97104	0.99123	0.80094	0.016177	0.047628	0.020632	0.074115	0.0054631	0.0013865	0.00016174	0.66423	1
57	8	0.67925	1.487	0.33465	0.97307	0.98246	0.7713	0.012399	0.02798	0.0075996	0.044132	0.0019439	0.00049059	3.69e-05	0.28857	1
58	9	0.11708	1.0944	0.1745	0.97545	1.0	0.81957	0.016114	0.047259	0.033007	0.087092	0.0075278	0.001568	0.0006066	1.0292	1
59	10	0.53283	1.3078	0.25925	0.96727	1.0	0.77065	0.017745	0.057312	0.05341	0.12259	0.014806	0.0035923	0.0012358	1.1886	1
60	11	0.52828	1.2496	0.2238	0.98317	1.0	0.82495	0.010372	0.01958	0.047482	0.10274	0.010444	0.0019794	0.0011976	1.341	1
61	7	0.60803	1.0646	0.3446	0.90487	0.99649	0.67517	0.031915	0.18538	0.06245	0.16411	0.026225	0.010602	0.00022964	1.2307	0
62	8	0.56599	1.0427	0.35318	0.89086	0.99825	0.62068	0.032971	0.19785	0.026348	0.10589	0.011088	0.0046505	5.2e-05	0.62671	0
63	9	0.68605	1.1632	0.37528	0.91639	0.99825	0.61136	0.030339	0.16753	0.058401	0.16858	0.027633	0.012886	0.00015525	1.0815	0
64	10	0.59571	1.084	0.32592	0.92056	0.99825	0.65698	0.024753	0.11151	0.042051	0.14722	0.021213	0.010881	6.47e-05	0.83221	0
65	1	0.39432	1.1191	0.17272	0.96806	0.99298	0.73417	0.012499	0.028432	0.073063	0.13718	0.01847	0.0040597	0.00090977	1.8893	0
66	2	0.62011	1.3298	0.2836	0.96952	0.99825	0.77871	0.0086562	0.013637	0.04722	0.1186	0.013872	0.0037549	0.00044188	1.2024	0
67	3	0.73429	1.5069	0.40827	0.94518	1.0	0.62558	0.014987	0.040879	0.038113	0.092188	0.0084269	0.0017773	0.00047378	1.335	0
68	8	0.89808	2.4056	0.59137	0.93186	0.98596	0.51229	0.029398	0.15729	0.044185	0.15479	0.0234	0.012336	7.63e-05	0.78887	1
69	9	0.86988	2.1277	0.53926	0.96257	1.0	0.64927	0.027899	0.14166	0.026849	0.096968	0.0093152	0.0032376	0.00010402	0.7271	1
70	10	0.86675	2.0417	0.52999	0.94477	0.98947	0.55141	0.028749	0.15043	0.031023	0.12007	0.014211	0.0064538	6.95e-05	0.64966	1
71	11	0.96652	3.8162	0.74273	0.82566	0.94737	0.32925	0.1446	3.8052	0.022715	0.10148	0.010193	0.0046292	4.45e-05	0.52175	1
72	12	0.93396	2.9367	0.66689	0.92543	0.99474	0.45676	0.030052	0.16437	0.015159	0.071198	0.0050436	0.0017096	4.85e-05	0.46762	1
73	1	0.61823	1.2435	0.33084	0.94147	0.9614	0.64089	0.024255	0.10708	0.017543	0.09745	0.0094072	0.0051286	1.28e-05	0.37324	1
74	2	0.61717	1.2296	0.34897	0.93189	0.97368	0.60176	0.025375	0.11719	0.012906	0.070197	0.0049035	0.0019323	2.44e-05	0.37728	1
75	3	0.62404	1.1599	0.47899	0.91562	0.85088	0.45154	0.097205	1.7197	0.013983	0.076408	0.0058043	0.0024109	2.56e-05	0.36029	1
76	4	0.48229	1.1574	0.42617	0.91741	0.92456	0.46699	0.063396	0.73147	0.026522	0.105	0.010904	0.0044681	6.78e-05	0.63468	1
77	5	0.5684	1.1876	0.48001	0.91247	0.79474	0.3885	0.089162	1.4469	0.027113	0.10182	0.010261	0.0037888	0.00010673	0.65567	1
78	6	0.62733	1.2441	0.50214	0.90049	0.86667	0.47758	0.092591	1.5603	0.02034	0.091645	0.0083289	0.0033696	4.91e-05	0.49195	1
79	7	0.58637	1.1419	0.30339	0.93305	0.92105	0.57323	0.041282	0.31016	0.022886	0.093704	0.0087041	0.0032291	0.00010441	0.54481	1
80	8	0.50771	1.1084	0.25071	0.93529	0.98596	0.64927	0.02595	0.12256	0.013493	0.073509	0.0053745	0.0021246	3.19e-05	0.3475	1
81	9	0.6018	1.2254	0.41835	0.94269	0.95263	0.54871	0.058835	0.62999	0.016202	0.074883	0.0055761	0.0018797	7.13e-05	0.43769	1
82	10	0.63548	1.202	0.47365	0.89373	0.86842	0.44347	0.077616	1.0964	0.022403	0.10386	0.010672	0.005084	3.13e-05	0.48911	1
83	11	0.65048	1.2354	0.44987	0.90929	0.89123	0.57594	0.070699	0.9097	0.0093349	0.0592	0.0034924	0.0013047	2.22e-05	0.26169	1
84	1	0.64604	1.4683	0.35457	0.9588	0.99123	0.70641	0.02021	0.074334	0.059026	0.12721	0.015925	0.0037362	0.0012496	1.3596	1
85	2	0.55457	1.2955	0.25519	0.97441	0.99825	0.7824	0.012063	0.026483	0.020129	0.076722	0.0058518	0.0016389	0.00012751	0.60629	1
86	3	0.4443	1.2035	0.19432	0.98319	1.0	0.833	0.010317	0.019373	0.029059	0.10265	0.010427	0.003627	0.00011748	0.73255	1
87	4	0.6368	1.4266	0.29976	0.9747	0.99825	0.78457	0.013385	0.032608	0.028272	0.084495	0.0070888	0.0017155	0.00031351	0.913	1
88	5	0.64168	1.4853	0.3362	0.95562	0.99825	0.72952	0.017439	0.05535	0.02413	0.074641	0.0055403	0.001194	0.00031921	0.82279	1
89	6	0.58232	1.343	0.29271	0.95055	0.99825	0.71499	0.026876	0.13146	0.068134	0.13204	0.017136	0.0036798	0.0014697	1.6315	1
90	7	0.44567	1.2107	0.20257	0.97104	0.99123	0.80094	0.016177	0.047628	0.020632	0.074115	0.0054631	0.0013865	0.00016174	0.66423	1
91	8	0.67925	1.487	0.33465	0.97307	0.98246	0.7713	0.012399	0.02798	0.0075996	0.044132	0.0019439	0.00049059	3.69e-05	0.28857	1
92	9	0.11708	1.0944	0.1745	0.97545	1.0	0.81957	0.016114	0.047259	0.033007	0.087092	0.0075278	0.001568	0.0006066	1.0292	1
93	10	0.53283	1.3078	0.25925	0.96727	1.0	0.77065	0.017745	0.057312	0.05341	0.12259	0.014806	0.0035923	0.0012358	1.1886	1
94	11	0.52828	1.2496	0.2238	0.98317	1.0	0.82495	0.010372	0.01958	0.047482	0.10274	0.010444	0.0019794	0.0011976	1.341	1
95	7	0.60803	1.0646	0.3446	0.90487	0.99649	0.67517	0.031915	0.18538	0.06245	0.16411	0.026225	0.010602	0.00022964	1.2307	0
96	8	0.56599	1.0427	0.35318	0.89086	0.99825	0.62068	0.032971	0.19785	0.026348	0.10589	0.011088	0.0046505	5.2e-05	0.62671	0
97	9	0.68605	1.1632	0.37528	0.91639	0.99825	0.61136	0.030339	0.16753	0.058401	0.16858	0.027633	0.012886	0.00015525	1.0815	0
98	10	0.59571	1.084	0.32592	0.92056	0.99825	0.65698	0.024753	0.11151	0.042051	0.14722	0.021213	0.010881	6.47e-05	0.83221	0
99	1	0.39432	1.1191	0.17272	0.96806	0.99298	0.73417	0.012499	0.028432	0.073063	0.13718	0.01847	0.0040597	0.00090977	1.8893	0
100	2	0.62011	1.3298	0.2836	0.96952	0.99825	0.77871	0.0086562	0.013637	0.04722	0.1186	0.013872	0.0037549	0.00044188	1.2024	0
101	3	0.73429	1.5069	0.40827	0.94518	1.0	0.62558	0.014987	0.040879	0.038113	0.092188	0.0084269	0.0017773	0.00047378	1.335	0
102	8	0.89808	2.4056	0.59137	0.93186	0.98596	0.51229	0.029398	0.15729	0.044185	0.15479	0.0234	0.012336	7.63e-05	0.78887	1
103	9	0.86988	2.1277	0.53926	0.96257	1.0	0.64927	0.027899	0.14166	0.026849	0.096968	0.0093152	0.0032376	0.00010402	0.7271	1
104	10	0.86675	2.0417	0.52999	0.94477	0.98947	0.55141	0.028749	0.15043	0.031023	0.12007	0.014211	0.0064538	6.95e-05	0.64966	1
105	11	0.96652	3.8162	0.74273	0.82566	0.94737	0.32925	0.1446	3.8052	0.022715	0.10148	0.010193	0.0046292	4.45e-05	0.52175	1
106	12	0.93396	2.9367	0.66689	0.92543	0.99474	0.45676	0.030052	0.16437	0.015159	0.071198	0.0050436	0.0017096	4.85e-05	0.46762	1
107	1	0.61823	1.2435	0.33084	0.94147	0.9614	0.64089	0.024255	0.10708	0.017543	0.09745	0.0094072	0.0051286	1.28e-05	0.37324	1
108	2	0.61717	1.2296	0.34897	0.93189	0.97368	0.60176	0.025375	0.11719	0.012906	0.070197	0.0049035	0.0019323	2.44e-05	0.37728	1
109	3	0.62404	1.1599	0.47899	0.91562	0.85088	0.45154	0.097205	1.7197	0.013983	0.076408	0.0058043	0.0024109	2.56e-05	0.36029	1
110	4	0.48229	1.1574	0.42617	0.91741	0.92456	0.46699	0.063396	0.73147	0.026522	0.105	0.010904	0.0044681	6.78e-05	0.63468	1
111	5	0.5684	1.1876	0.48001	0.91247	0.79474	0.3885	0.089162	1.4469	0.027113	0.10182	0.010261	0.0037888	0.00010673	0.65567	1
112	6	0.62733	1.2441	0.50214	0.90049	0.86667	0.47758	0.092591	1.5603	0.02034	0.091645	0.0083289	0.0033696	4.91e-05	0.49195	1
113	7	0.58637	1.1419	0.30339	0.93305	0.92105	0.57323	0.041282	0.31016	0.022886	0.093704	0.0087041	0.0032291	0.00010441	0.54481	1
114	8	0.50771	1.1084	0.25071	0.93529	0.98596	0.64927	0.02595	0.12256	0.013493	0.073509	0.0053745	0.0021246	3.19e-05	0.3475	1
115	9	0.6018	1.2254	0.41835	0.94269	0.95263	0.54871	0.058835	0.62999	0.016202	0.074883	0.0055761	0.0018797	7.13e-05	0.43769	1
116	10	0.63548	1.202	0.47365	0.89373	0.86842	0.44347	0.077616	1.0964	0.022403	0.10386	0.010672	0.005084	3.13e-05	0.48911	1
117	11	0.65048	1.2354	0.44987	0.90929	0.89123	0.57594	0.070699	0.9097	0.0093349	0.0592	0.0034924	0.0013047	2.22e-05	0.26169	1
118	1	0.64604	1.4683	0.35457	0.9588	0.99123	0.70641	0.02021	0.074334	0.059026	0.12721	0.015925	0.0037362	0.0012496	1.3596	1
119	2	0.55457	1.2955	0.25519	0.97441	0.99825	0.7824	0.012063	0.026483	0.020129	0.076722	0.0058518	0.0016389	0.00012751	0.60629	1
120	3	0.4443	1.2035	0.19432	0.98319	1.0	0.833	0.010317	0.019373	0.029059	0.10265	0.010427	0.003627	0.00011748	0.73255	1
121	4	0.6368	1.4266	0.29976	0.9747	0.99825	0.78457	0.013385	0.032608	0.028272	0.084495	0.0070888	0.0017155	0.00031351	0.913	1
122	5	0.64168	1.4853	0.3362	0.95562	0.99825	0.72952	0.017439	0.05535	0.02413	0.074641	0.0055403	0.001194	0.00031921	0.82279	1
123	6	0.58232	1.343	0.29271	0.95055	0.99825	0.71499	0.026876	0.13146	0.068134	0.13204	0.017136	0.0036798	0.0014697	1.6315	1
124	7	0.44567	1.2107	0.20257	0.97104	0.99123	0.80094	0.016177	0.047628	0.020632	0.074115	0.0054631	0.0013865	0.00016174	0.66423	1
125	8	0.67925	1.487	0.33465	0.97307	0.98246	0.7713	0.012399	0.02798	0.0075996	0.044132	0.0019439	0.00049059	3.69e-05	0.28857	1
126	9	0.11708	1.0944	0.1745	0.97545	1.0	0.81957	0.016114	0.047259	0.033007	0.087092	0.0075278	0.001568	0.0006066	1.0292	1
127	10	0.53283	1.3078	0.25925	0.96727	1.0	0.77065	0.017745	0.057312	0.05341	0.12259	0.014806	0.0035923	0.0012358	1.1886	1
128	11	0.52828	1.2496	0.2238	0.98317	1.0	0.82495	0.010372	0.01958	0.047482	0.10274	0.010444	0.0019794	0.0011976	1.341	1
129	7	0.60803	1.0646	0.3446	0.90487	0.99649	0.67517	0.031915	0.18538	0.06245	0.16411	0.026225	0.010602	0.00022964	1.2307	0
130	8	0.56599	1.0427	0.35318	0.89086	0.99825	0.62068	0.032971	0.19785	0.026348	0.10589	0.011088	0.0046505	5.2e-05	0.62671	0
131	9	0.68605	1.1632	0.37528	0.91639	0.99825	0.61136	0.030339	0.16753	0.058401	0.16858	0.027633	0.012886	0.00015525	1.0815	0
132	10	0.59571	1.084	0.32592	0.92056	0.99825	0.65698	0.024753	0.11151	0.042051	0.14722	0.021213	0.010881	6.47e-05	0.83221	0
133	1	0.39432	1.1191	0.17272	0.96806	0.99298	0.73417	0.012499	0.028432	0.073063	0.13718	0.01847	0.0040597	0.00090977	1.8893	0
134	2	0.62011	1.3298	0.2836	0.96952	0.99825	0.77871	0.0086562	0.013637	0.04722	0.1186	0.013872	0.0037549	0.00044188	1.2024	0
135	3	0.73429	1.5069	0.40827	0.94518	1.0	0.62558	0.014987	0.040879	0.038113	0.092188	0.0084269	0.0017773	0.00047378	1.335	0
136	8	0.89808	2.4056	0.59137	0.93186	0.98596	0.51229	0.029398	0.15729	0.044185	0.15479	0.0234	0.012336	7.63e-05	0.78887	1
137	9	0.86988	2.1277	0.53926	0.96257	1.0	0.64927	0.027899	0.14166	0.026849	0.096968	0.0093152	0.0032376	0.00010402	0.7271	1
138	10	0.86675	2.0417	0.52999	0.94477	0.98947	0.55141	0.028749	0.15043	0.031023	0.12007	0.014211	0.0064538	6.95e-05	0.64966	1
139	11	0.96652	3.8162	0.74273	0.82566	0.94737	0.32925	0.1446	3.8052	0.022715	0.10148	0.010193	0.0046292	4.45e-05	0.52175	1
140	12	0.93396	2.9367	0.66689	0.92543	0.99474	0.45676	0.030052	0.16437	0.015159	0.071198	0.0050436	0.0017096	4.85e-05	0.46762	1
141	1	0.61823	1.2435	0.33084	0.94147	0.9614	0.64089	0.024255	0.10708	0.017543	0.09745	0.0094072	0.0051286	1.28e-05	0.37324	1
142	2	0.61717	1.2296	0.34897	0.93189	0.97368	0.60176	0.025375	0.11719	0.012906	0.070197	0.0049035	0.0019323	2.44e-05	0.37728	1
143	3	0.62404	1.1599	0.47899	0.91562	0.85088	0.45154	0.097205	1.7197	0.013983	0.076408	0.0058043	0.0024109	2.56e-05	0.36029	1
144	4	0.48229	1.1574	0.42617	0.91741	0.92456	0.46699	0.063396	0.73147	0.026522	0.105	0.010904	0.0044681	6.78e-05	0.63468	1
145	5	0.5684	1.1876	0.48001	0.91247	0.79474	0.3885	0.089162	1.4469	0.027113	0.10182	0.010261	0.0037888	0.00010673	0.65567	1
146	6	0.62733	1.2441	0.50214	0.90049	0.86667	0.47758	0.092591	1.5603	0.02034	0.091645	0.0083289	0.0033696	4.91e-05	0.49195	1
147	7	0.58637	1.1419	0.30339	0.93305	0.92105	0.57323	0.041282	0.31016	0.022886	0.093704	0.0087041	0.0032291	0.00010441	0.54481	1
148	8	0.50771	1.1084	0.25071	0.93529	0.98596	0.64927	0.02595	0.12256	0.013493	0.073509	0.0053745	0.0021246	3.19e-05	0.3475	1
149	9	0.6018	1.2254	0.41835	0.94269	0.95263	0.54871	0.058835	0.62999	0.016202	0.074883	0.0055761	0.0018797	7.13e-05	0.43769	1
150	10	0.63548	1.202	0.47365	0.89373	0.86842	0.44347	0.077616	1.0964	0.022403	0.10386	0.010672	0.005084	3.13e-05	0.48911	1
151	11	0.65048	1.2354	0.44987	0.90929	0.89123	0.57594	0.070699	0.9097	0.0093349	0.0592	0.0034924	0.0013047	2.22e-05	0.26169	1
152	1	0.64604	1.4683	0.35457	0.9588	0.99123	0.70641	0.02021	0.074334	0.059026	0.12721	0.015925	0.0037362	0.0012496	1.3596	1
153	2	0.55457	1.2955	0.25519	0.97441	0.99825	0.7824	0.012063	0.026483	0.020129	0.076722	0.0058518	0.0016389	0.00012751	0.60629	1
154	3	0.4443	1.2035	0.19432	0.98319	1.0	0.833	0.010317	0.019373	0.029059	0.10265	0.010427	0.003627	0.00011748	0.73255	1
155	4	0.6368	1.4266	0.29976	0.9747	0.99825	0.78457	0.013385	0.032608	0.028272	0.084495	0.0070888	0.0017155	0.00031351	0.913	1
156	5	0.64168	1.4853	0.3362	0.95562	0.99825	0.72952	0.017439	0.05535	0.02413	0.074641	0.0055403	0.001194	0.00031921	0.82279	1
157	6	0.58232	1.343	0.29271	0.95055	0.99825	0.71499	0.026876	0.13146	0.068134	0.13204	0.017136	0.0036798	0.0014697	1.6315	1
158	7	0.44567	1.2107	0.20257	0.97104	0.99123	0.80094	0.016177	0.047628	0.020632	0.074115	0.0054631	0.0013865	0.00016174	0.66423	1
159	8	0.67925	1.487	0.33465	0.97307	0.98246	0.7713	0.012399	0.02798	0.0075996	0.044132	0.0019439	0.00049059	3.69e-05	0.28857	1
160	9	0.11708	1.0944	0.1745	0.97545	1.0	0.81957	0.016114	0.047259	0.033007	0.087092	0.0075278	0.001568	0.0006066	1.0292	1
161	10	0.53283	1.3078	0.25925	0.96727	1.0	0.77065	0.017745	0.057312	0.05341	0.12259	0.014806	0.0035923	0.0012358	1.1886	1
162	11	0.52828	1.2496	0.2238	0.98317	1.0	0.82495	0.010372	0.01958	0.047482	0.10274	0.010444	0.0019794	0.0011976	1.341	1
163	7	0.60803	1.0646	0.3446	0.90487	0.99649	0.67517	0.031915	0.18538	0.06245	0.16411	0.026225	0.010602	0.00022964	1.2307	0
164	8	0.56599	1.0427	0.35318	0.89086	0.99825	0.62068	0.032971	0.19785	0.026348	0.10589	0.011088	0.0046505	5.2e-05	0.62671	0
165	9	0.68605	1.1632	0.37528	0.91639	0.99825	0.61136	0.030339	0.16753	0.058401	0.16858	0.027633	0.012886	0.00015525	1.0815	0
166	10	0.59571	1.084	0.32592	0.92056	0.99825	0.65698	0.024753	0.11151	0.042051	0.14722	0.021213	0.010881	6.47e-05	0.83221	0
167	1	0.39432	1.1191	0.17272	0.96806	0.99298	0.73417	0.012499	0.028432	0.073063	0.13718	0.01847	0.0040597	0.00090977	1.8893	0
168	2	0.62011	1.3298	0.2836	0.96952	0.99825	0.77871	0.0086562	0.013637	0.04722	0.1186	0.013872	0.0037549	0.00044188	1.2024	0
169	3	0.73429	1.5069	0.40827	0.94518	1.0	0.62558	0.014987	0.040879	0.038113	0.092188	0.0084269	0.0017773	0.00047378	1.335	0
170	8	0.89808	2.4056	0.59137	0.93186	0.98596	0.51229	0.029398	0.15729	0.044185	0.15479	0.0234	0.012336	7.63e-05	0.78887	1
171	9	0.86988	2.1277	0.53926	0.96257	1.0	0.64927	0.027899	0.14166	0.026849	0.096968	0.0093152	0.0032376	0.00010402	0.7271	1
172	10	0.86675	2.0417	0.52999	0.94477	0.98947	0.55141	0.028749	0.15043	0.031023	0.12007	0.014211	0.0064538	6.95e-05	0.64966	1
173	11	0.96652	3.8162	0.74273	0.82566	0.94737	0.32925	0.1446	3.8052	0.022715	0.10148	0.010193	0.0046292	4.45e-05	0.52175	1
174	12	0.93396	2.9367	0.66689	0.92543	0.99474	0.45676	0.030052	0.16437	0.015159	0.071198	0.0050436	0.0017096	4.85e-05	0.46762	1
175	1	0.61823	1.2435	0.33084	0.94147	0.9614	0.64089	0.024255	0.10708	0.017543	0.09745	0.0094072	0.0051286	1.28e-05	0.37324	1
176	2	0.61717	1.2296	0.34897	0.93189	0.97368	0.60176	0.025375	0.11719	0.012906	0.070197	0.0049035	0.0019323	2.44e-05	0.37728	1
177	3	0.62404	1.1599	0.47899	0.91562	0.85088	0.45154	0.097205	1.7197	0.013983	0.076408	0.0058043	0.0024109	2.56e-05	0.36029	1
178	4	0.48229	1.1574	0.42617	0.91741	0.92456	0.46699	0.063396	0.73147	0.026522	0.105	0.010904	0.0044681	6.78e-05	0.63468	1
179	5	0.5684	1.1876	0.48001	0.91247	0.79474	0.3885	0.089162	1.4469	0.027113	0.10182	0.010261	0.0037888	0.00010673	0.65567	1
180	6	0.62733	1.2441	0.50214	0.90049	0.86667	0.47758	0.092591	1.5603	0.02034	0.091645	0.0083289	0.0033696	4.91e-05	0.49195	1
181	7	0.58637	1.1419	0.30339	0.93305	0.92105	0.57323	0.041282	0.31016	0.022886	0.093704	0.0087041	0.0032291	0.00010441	0.54481	1
182	8	0.50771	1.1084	0.25071	0.93529	0.98596	0.64927	0.02595	0.12256	0.013493	0.073509	0.0053745	0.0021246	3.19e-05	0.3475	1
183	9	0.6018	1.2254	0.41835	0.94269	0.95263	0.54871	0.058835	0.62999	0.016202	0.074883	0.0055761	0.0018797	7.13e-05	0.43769	1
184	10	0.63548	1.202	0.47365	0.89373	0.86842	0.44347	0.077616	1.0964	0.022403	0.10386	0.010672	0.005084	3.13e-05	0.48911	1
185	11	0.65048	1.2354	0.44987	0.90929	0.89123	0.57594	0.070699	0.9097	0.0093349	0.0592	0.0034924	0.0013047	2.22e-05	0.26169	1
186	1	0.64604	1.4683	0.35457	0.9588	0.99123	0.70641	0.02021	0.074334	0.059026	0.12721	0.015925	0.0037362	0.0012496	1.3596	1
187	2	0.55457	1.2955	0.25519	0.97441	0.99825	0.7824	0.012063	0.026483	0.020129	0.076722	0.0058518	0.0016389	0.00012751	0.60629	1
188	3	0.4443	1.2035	0.19432	0.98319	1.0	0.833	0.010317	0.019373	0.029059	0.10265	0.010427	0.003627	0.00011748	0.73255	1
189	4	0.6368	1.4266	0.29976	0.9747	0.99825	0.78457	0.013385	0.032608	0.028272	0.084495	0.0070888	0.0017155	0.00031351	0.913	1
190	5	0.64168	1.4853	0.3362	0.95562	0.99825	0.72952	0.017439	0.05535	0.02413	0.074641	0.0055403	0.001194	0.00031921	0.82279	1
191	6	0.58232	1.343	0.29271	0.95055	0.99825	0.71499	0.026876	0.13146	0.068134	0.13204	0.017136	0.0036798	0.0014697	1.6315	1
192	7	0.44567	1.2107	0.20257	0.97104	0.99123	0.80094	0.016177	0.047628	0.020632	0.074115	0.0054631	0.0013865	0.00016174	0.66423	1
193	8	0.67925	1.487	0.33465	0.97307	0.98246	0.7713	0.012399	0.02798	0.0075996	0.044132	0.0019439	0.00049059	3.69e-05	0.28857	1
194	9	0.11708	1.0944	0.1745	0.97545	1.0	0.81957	0.016114	0.047259	0.033007	0.087092	0.0075278	0.001568	0.0006066	1.0292	1
195	10	0.53283	1.3078	0.25925	0.96727	1.0	0.77065	0.017745	0.057312	0.05341	0.12259	0.014806	0.0035923	0.0012358	1.1886	1
196	11	0.52828	1.2496	0.2238	0.98317	1.0	0.82495	0.010372	0.01958	0.047482	0.10274	0.010444	0.0019794	0.0011976	1.341	1
197	7	0.60803	1.0646	0.3446	0.90487	0.99649	0.67517	0.031915	0.18538	0.06245	0.16411	0.026225	0.010602	0.00022964	1.2307	0
198	8	0.56599	1.0427	0.35318	0.89086	0.99825	0.62068	0.032971	0.19785	0.026348	0.10589	0.011088	0.0046505	5.2e-05	0.62671	0
199	9	0.68605	1.1632	0.37528	0.91639	0.99825	0.61136	0.030339	0.16753	0.058401	0.16858	0.027633	0.012886	0.00015525	1.0815	0
200	10	0.59571	1.084	0.32592	0.92056	0.99825	0.65698	0.024753	0.11151	0.042051	0.14722	0.021213	0.010881	6.47e-05	0.83221	0
201	1	0.39432	1.1191	0.17272	0.96806	0.99298	0.73417	0.012499	0.028432	0.073063	0.13718	0.01847	0.0040597	0.00090977	1.8893	0
202	2	0.62011	1.3298	0.2836	0.96952	0.99825	0.77871	0.0086562	0.013637	0.04722	0.1186	0.013872	0.0037549	0.00044188	1.2024	0
203	3	0.73429	1.5069	0.40827	0.94518	1.0	0.62558	0.014987	0.040879	0.038113	0.092188	0.0084269	0.0017773	0.00047378	1.335	0
204	8	0.89808	2.4056	0.59137	0.93186	0.98596	0.51229	0.029398	0.15729	0.044185	0.15479	0.0234	0.012336	7.63e-05	0.78887	1
205	9	0.86988	2.1277	0.53926	0.96257	1.0	0.64927	0.027899	0.14166	0.026849	0.096968	0.0093152	0.0032376	0.00010402	0.7271	1
206	10	0.86675	2.0417	0.52999	0.94477	0.98947	0.55141	0.028749	0.15043	0.031023	0.12007	0.014211	0.0064538	6.95e-05	0.64966	1
207	11	0.96652	3.8162	0.74273	0.82566	0.94737	0.32925	0.1446	3.8052	0.022715	0.10148	0.010193	0.0046292	4.45e-05	0.52175	1
208	12	0.93396	2.9367	0.66689	0.92543	0.99474	0.45676	0.030052	0.16437	0.015159	0.071198	0.0050436	0.0017096	4.85e-05	0.46762	1
209	1	0.61823	1.2435	0.33084	0.94147	0.9614	0.64089	0.024255	0.10708	0.017543	0.09745	0.0094072	0.0051286	1.28e-05	0.37324	1
210	2	0.61717	1.2296	0.34897	0.93189	0.97368	0.60176	0.025375	0.11719	0.012906	0.070197	0.0049035	0.0019323	2.44e-05	0.37728	1
211	3	0.62404	1.1599	0.47899	0.91562	0.85088	0.45154	0.097205	1.7197	0.013983	0.076408	0.0058043	0.0024109	2.56e-05	0.36029	1
212	4	0.48229	1.1574	0.42617	0.91741	0.92456	0.46699	0.063396	0.73147	0.026522	0.105	0.010904	0.0044681	6.78e-05	0.63468	1
213	5	0.5684	1.1876	0.48001	0.91247	0.79474	0.3885	0.089162	1.4469	0.027113	0.10182	0.010261	0.0037888	0.00010673	0.65567	1
214	6	0.62733	1.2441	0.50214	0.90049	0.86667	0.47758	0.092591	1.5603	0.02034	0.091645	0.0083289	0.0033696	4.91e-05	0.49195	1
215	7	0.58637	1.1419	0.30339	0.93305	0.92105	0.57323	0.041282	0.31016	0.022886	0.093704	0.0087041	0.0032291	0.00010441	0.54481	1
216	8	0.50771	1.1084	0.25071	0.93529	0.98596	0.64927	0.02595	0.12256	0.013493	0.073509	0.0053745	0.0021246	3.19e-05	0.3475	1
217	9	0.6018	1.2254	0.41835	0.94269	0.95263	0.54871	0.058835	0.62999	0.016202	0.074883	0.0055761	0.0018797	7.13e-05	0.43769	1
218	10	0.63548	1.202	0.47365	0.89373	0.86842	0.44347	0.077616	1.0964	0.022403	0.10386	0.010672	0.005084	3.13e-05	0.48911	1
219	11	0.65048	1.2354	0.44987	0.90929	0.89123	0.57594	0.070699	0.9097	0.0093349	0.0592	0.0034924	0.0013047	2.22e-05	0.26169	1
220	1	0.64604	1.4683	0.35457	0.9588	0.99123	0.70641	0.02021	0.074334	0.059026	0.12721	0.015925	0.0037362	0.0012496	1.3596	1
221	2	0.55457	1.2955	0.25519	0.97441	0.99825	0.7824	0.012063	0.026483	0.020129	0.076722	0.0058518	0.0016389	0.00012751	0.60629	1
222	3	0.4443	1.2035	0.19432	0.98319	1.0	0.833	0.010317	0.019373	0.029059	0.10265	0.010427	0.003627	0.00011748	0.73255	1
223	4	0.6368	1.4266	0.29976	0.9747	0.99825	0.78457	0.013385	0.032608	0.028272	0.084495	0.0070888	0.0017155	0.00031351	0.913	1
224	5	0.64168	1.4853	0.3362	0.95562	0.99825	0.72952	0.017439	0.05535	0.02413	0.074641	0.0055403	0.001194	0.00031921	0.82279	1
225	6	0.58232	1.343	0.29271	0.95055	0.99825	0.71499	0.026876	0.13146	0.068134	0.13204	0.017136	0.0036798	0.0014697	1.6315	1
226	7	0.44567	1.2107	0.20257	0.97104	0.99123	0.80094	0.016177	0.047628	0.020632	0.074115	0.0054631	0.0013865	0.00016174	0.66423	1
227	8	0.67925	1.487	0.33465	0.97307	0.98246	0.7713	0.012399	0.02798	0.0075996	0.044132	0.0019439	0.00049059	3.69e-05	0.28857	1
228	9	0.11708	1.0944	0.1745	0.97545	1.0	0.81957	0.016114	0.047259	0.033007	0.087092	0.0075278	0.001568	0.0006066	1.0292	1
229	10	0.53283	1.3078	0.25925	0.96727	1.0	0.77065	0.017745	0.057312	0.05341	0.12259	0.014806	0.0035923	0.0012358	1.1886	1
230	11	0.52828	1.2496	0.2238	0.98317	1.0	0.82495	0.010372	0.01958	0.047482	0.10274	0.010444	0.0019794	0.0011976	1.341	1
231	7	0.60803	1.0646	0.3446	0.90487	0.99649	0.67517	0.031915	0.18538	0.06245	0.16411	0.026225	0.010602	0.00022964	1.2307	0
232	8	0.56599	1.0427	0.35318	0.89086	0.99825	0.62068	0.032971	0.19785	0.026348	0.10589	0.011088	0.0046505	5.2e-05	0.62671	0
233	9	0.68605	1.1632	0.37528	0.91639	0.99825	0.61136	0.030339	0.16753	0.058401	0.16858	0.027633	0.012886	0.00015525	1.0815	0
234	10	0.59571	1.084	0.32592	0.92056	0.99825	0.65698	0.024753	0.11151	0.042051	0.14722	0.021213	0.010881	6.47e-05	0.83221	0
235	1	0.39432	1.1191	0.17272	0.96806	0.99298	0.73417	0.012499	0.028432	0.073063	0.13718	0.01847	0.0040597	0.00090977	1.8893	0
236	2	0.62011	1.3298	0.2836	0.96952	0.99825	0.77871	0.0086562	0.013637	0.04722	0.1186	0.013872	0.0037549	0.00044188	1.2024	0
237	3	0.73429	1.5069	0.40827	0.94518	1.0	0.62558	0.014987	0.040879	0.038113	0.092188	0.0084269	0.0017773	0.00047378	1.335	0
238	8	0.89808	2.4056	0.59137	0.93186	0.98596	0.51229	0.029398	0.15729	0.044185	0.15479	0.0234	0.012336	7.63e-05	0.78887	1
239	9	0.86988	2.1277	0.53926	0.96257	1.0	0.64927	0.027899	0.14166	0.026849	0.096968	0.0093152	0.0032376	0.00010402	0.7271	1
240	10	0.86675	2.0417	0.52999	0.94477	0.98947	0.55141	0.028749	0.15043	0.031023	0.12007	0.014211	0.0064538	6.95e-05	0.64966	1
241	11	0.96652	3.8162	0.74273	0.82566	0.94737	0.32925	0.1446	3.8052	0.022715	0.10148	0.010193	0.0046292	4.45e-05	0.52175	1
242	12	0.93396	2.9367	0.66689	0.92543	0.99474	0.45676	0.030052	0.16437	0.015159	0.071198	0.0050436	0.0017096	4.85e-05	0.46762	1
243	1	0.61823	1.2435	0.33084	0.94147	0.9614	0.64089	0.024255	0.10708	0.017543	0.09745	0.0094072	0.0051286	1.28e-05	0.37324	1
244	2	0.61717	1.2296	0.34897	0.93189	0.97368	0.60176	0.025375	0.11719	0.012906	0.070197	0.0049035	0.0019323	2.44e-05	0.37728	1
245	3	0.62404	1.1599	0.47899	0.91562	0.85088	0.45154	0.097205	1.7197	0.013983	0.076408	0.0058043	0.0024109	2.56e-05	0.36029	1
246	4	0.48229	1.1574	0.42617	0.91741	0.92456	0.46699	0.063396	0.73147	0.026522	0.105	0.010904	0.0044681	6.78e-05	0.63468	1
247	5	0.5684	1.1876	0.48001	0.91247	0.79474	0.3885	0.089162	1.4469	0.027113	0.10182	0.010261	0.0037888	0.00010673	0.65567	1
248	6	0.62733	1.2441	0.50214	0.90049	0.86667	0.47758	0.092591	1.5603	0.02034	0.091645	0.0083289	0.0033696	4.91e-05	0.49195	1
249	7	0.58637	1.1419	0.30339	0.93305	0.92105	0.57323	0.041282	0.31016	0.022886	0.093704	0.0087041	0.0032291	0.00010441	0.54481	1
250	8	0.50771	1.1084	0.25071	0.93529	0.98596	0.64927	0.02595	0.12256	0.013493	0.073509	0.0053745	0.0021246	3.19e-05	0.3475	1
251	9	0.6018	1.2254	0.41835	0.94269	0.95263	0.54871	0.058835	0.62999	0.016202	0.074883	0.0055761	0.0018797	7.13e-05	0.43769	1
252	10	0.63548	1.202	0.47365	0.89373	0.86842	0.44347	0.077616	1.0964	0.022403	0.10386	0.010672	0.005084	3.13e-05	0.48911	1
253	11	0.65048	1.2354	0.44987	0.90929	0.89123	0.57594	0.070699	0.9097	0.0093349	0.0592	0.0034924	0.0013047	2.22e-05	0.26169	1
254	1	0.64604	1.4683	0.35457	0.9588	0.99123	0.70641	0.02021	0.074334	0.059026	0.12721	0.015925	0.0037362	0.0012496	1.3596	1
255	2	0.55457	1.2955	0.25519	0.97441	0.99825	0.7824	0.012063	0.026483	0.020129	0.076722	0.0058518	0.0016389	0.00012751	0.60629	1
256	3	0.4443	1.2035	0.19432	0.98319	1.0	0.833	0.010317	0.019373	0.029059	0.10265	0.010427	0.003627	0.00011748	0.73255	1
257	4	0.6368	1.4266	0.29976	0.9747	0.99825	0.78457	0.013385	0.032608	0.028272	0.084495	0.0070888	0.0017155	0.00031351	0.913	1
258	5	0.64168	1.4853	0.3362	0.95562	0.99825	0.72952	0.017439	0.05535	0.02413	0.074641	0.0055403	0.001194	0.00031921	0.82279	1
259	6	0.58232	1.343	0.29271	0.95055	0.99825	0.71499	0.026876	0.13146	0.068134	0.13204	0.017136	0.0036798	0.0014697	1.6315	1
260	7	0.44567	1.2107	0.20257	0.97104	0.99123	0.80094	0.016177	0.047628	0.020632	0.074115	0.0054631	0.0013865	0.00016174	0.66423	1
261	8	0.67925	1.487	0.33465	0.97307	0.98246	0.7713	0.012399	0.02798	0.0075996	0.044132	0.0019439	0.00049059	3.69e-05	0.28857	1
262	9	0.11708	1.0944	0.1745	0.97545	1.0	0.81957	0.016114	0.047259	0.033007	0.087092	0.0075278	0.001568	0.0006066	1.0292	1
263	10	0.53283	1.3078	0.25925	0.96727	1.0	0.77065	0.017745	0.057312	0.05341	0.12259	0.014806	0.0035923	0.0012358	1.1886	1
264	11	0.52828	1.2496	0.2238	0.98317	1.0	0.82495	0.010372	0.01958	0.047482	0.10274	0.010444	0.0019794	0.0011976	1.341	1
265	7	0.60803	1.0646	0.3446	0.90487	0.99649	0.67517	0.031915	0.18538	0.06245	0.16411	0.026225	0.010602	0.00022964	1.2307	0
266	8	0.56599	1.0427	0.35318	0.89086	0.99825	0.62068	0.032971	0.19785	0.026348	0.10589	0.011088	0.0046505	5.2e-05	0.62671	0
267	9	0.68605	1.1632	0.37528	0.91639	0.99825	0.61136	0.030339	0.16753	0.058401	0.16858	0.027633	0.012886	0.00015525	1.0815	0
268	10	0.59571	1.084	0.32592	0.92056	0.99825	0.65698	0.024753	0.11151	0.042051	0.14722	0.021213	0.010881	6.47e-05	0.83221	0
269	1	0.39432	1.1191	0.17272	0.96806	0.99298	0.73417	0.012499	0.028432	0.073063	0.13718	0.01847	0.0040597	0.00090977	1.8893	0
270	2	0.62011	1.3298	0.2836	0.96952	0.99825	0.77871	0.0086562	0.013637	0.04722	0.1186	0.013872	0.0037549	0.00044188	1.2024	0
271	3	0.73429	1.5069	0.40827	0.94518	1.0	0.62558	0.014987	0.040879	0.038113	0.092188	0.0084269	0.0017773	0.00047378	1.335	0
272	8	0.89808	2.4056	0.59137	0.93186	0.98596	0.51229	0.029398	0.15729	0.044185	0.15479	0.0234	0.012336	7.63e-05	0.78887	1
273	9	0.86988	2.1277	0.53926	0.96257	1.0	0.64927	0.027899	0.14166	0.026849	0.096968	0.0093152	0.0032376	0.00010402	0.7271	1
274	10	0.86675	2.0417	0.52999	0.94477	0.98947	0.55141	0.028749	0.15043	0.031023	0.12007	0.014211	0.0064538	6.95e-05	0.64966	1
275	11	0.96652	3.8162	0.74273	0.82566	0.94737	0.32925	0.1446	3.8052	0.022715	0.10148	0.010193	0.0046292	4.45e-05	0.52175	1
276	12	0.93396	2.9367	0.66689	0.92543	0.99474	0.45676	0.030052	0.16437	0.015159	0.071198	0.0050436	0.0017096	4.85e-05	0.46762	1
277	1	0.61823	1.2435	0.33084	0.94147	0.9614	0.64089	0.024255	0.10708	0.017543	0.09745	0.0094072	0.0051286	1.28e-05	0.37324	1
278	2	0.61717	1.2296	0.34897	0.93189	0.97368	0.60176	0.025375	0.11719	0.012906	0.070197	0.0049035	0.0019323	2.44e-05	0.37728	1
279	3	0.62404	1.1599	0.47899	0.91562	0.85088	0.45154	0.097205	1.7197	0.013983	0.076408	0.0058043	0.0024109	2.56e-05	0.36029	1
280	4	0.48229	1.1574	0.42617	0.91741	0.92456	0.46699	0.063396	0.73147	0.026522	0.105	0.010904	0.0044681	6.78e-05	0.63468	1
281	5	0.5684	1.1876	0.48001	0.91247	0.79474	0.3885	0.089162	1.4469	0.027113	0.10182	0.010261	0.0037888	0.00010673	0.65567	1
282	6	0.62733	1.2441	0.50214	0.90049	0.86667	0.47758	0.092591	1.5603	0.02034	0.091645	0.0083289	0.0033696	4.91e-05	0.49195	1
283	7	0.58637	1.1419	0.30339	0.93305	0.92105	0.57323	0.041282	0.31016	0.022886	0.093704	0.0087041	0.0032291	0.00010441	0.54481	1
284	8	0.50771	1.1084	0.25071	0.93529	0.98596	0.64927	0.02595	0.12256	0.013493	0.073509	0.0053745	0.0021246	3.19e-05	0.3475	1
285	9	0.6018	1.2254	0.41835	0.94269	0.95263	0.54871	0.058835	0.62999	0.016202	0.074883	0.0055761	0.0018797	7.13e-05	0.43769	1
286	10	0.63548	1.202	0.47365	0.89373	0.86842	0.44347	0.077616	1.0964	0.022403	0.10386	0.010672	0.005084	3.13e-05	0.48911	1
287	11	0.65048	1.2354	0.44987	0.90929	0.89123	0.57594	0.070699	0.9097	0.0093349	0.0592	0.0034924	0.0013047	2.22e-05	0.26169	1
288	1	0.64604	1.4683	0.35457	0.9588	0.99123	0.70641	0.02021	0.074334	0.059026	0.12721	0.015925	0.0037362	0.0012496	1.3596	1
289	2	0.55457	1.2955	0.25519	0.97441	0.99825	0.7824	0.012063	0.026483	0.020129	0.076722	0.0058518	0.0016389	0.00012751	0.60629	1
290	3	0.4443	1.2035	0.19432	0.98319	1.0	0.833	0.010317	0.019373	0.029059	0.10265	0.010427	0.003627	0.00011748	0.73255	1
291	4	0.6368	1.4266	0.29976	0.9747	0.99825	0.78457	0.013385	0.032608	0.028272	0.084495	0.0070888	0.0017155	0.00031351	0.913	1
292	5	0.64168	1.4853	0.3362	0.95562	0.99825	0.72952	0.017439	0.05535	0.02413	0.074641	0.0055403	0.001194	0.00031921	0.82279	1
293	6	0.58232	1.343	0.29271	0.95055	0.99825	0.71499	0.026876	0.13146	0.068134	0.13204	0.017136	0.0036798	0.0014697	1.6315	1
294	7	0.44567	1.2107	0.20257	0.97104	0.99123	0.80094	0.016177	0.047628	0.020632	0.074115	0.0054631	0.0013865	0.00016174	0.66423	1
295	8	0.67925	1.487	0.33465	0.97307	0.98246	0.7713	0.012399	0.02798	0.0075996	0.044132	0.0019439	0.00049059	3.69e-05	0.28857	1
296	9	0.11708	1.0944	0.1745	0.97545	1.0	0.81957	0.016114	0.047259	0.033007	0.087092	0.0075278	0.001568	0.0006066	1.0292	1
297	10	0.53283	1.3078	0.25925	0.96727	1.0	0.77065	0.017745	0.057312	0.05341	0.12259	0.014806	0.0035923	0.0012358	1.1886	1
298	11	0.52828	1.2496	0.2238	0.98317	1.0	0.82495	0.010372	0.01958	0.047482	0.10274	0.010444	0.0019794	0.0011976	1.341	1
299	7	0.60803	1.0646	0.3446	0.90487	0.99649	0.67517	0.031915	0.18538	0.06245	0.16411	0.026225	0.010602	0.00022964	1.2307	0
300	8	0.56599	1.0427	0.35318	0.89086	0.99825	0.62068	0.032971	0.19785	0.026348	0.10589	0.011088	0.0046505	5.2e-05	0.62671	0
301	9	0.68605	1.1632	0.37528	0.91639	0.99825	0.61136	0.030339	0.16753	0.058401	0.16858	0.027633	0.012886	0.00015525	1.0815	0
302	10	0.59571	1.084	0.32592	0.92056	0.99825	0.65698	0.024753	0.11151	0.042051	0.14722	0.021213	0.010881	6.47e-05	0.83221	0
303	1	0.39432	1.1191	0.17272	0.96806	0.99298	0.73417	0.012499	0.028432	0.073063	0.13718	0.01847	0.0040597	0.00090977	1.8893	0
304	2	0.62011	1.3298	0.2836	0.96952	0.99825	0.77871	0.0086562	0.013637	0.04722	0.1186	0.013872	0.0037549	0.00044188	1.2024	0
305	3	0.73429	1.5069	0.40827	0.94518	1.0	0.62558	0.014987	0.040879	0.038113	0.092188	0.0084269	0.0017773	0.00047378	1.335	0
