	fixed acidity	volatile acidity	citric acid	residual sugar	chlorides	free sulfur dioxide	total sulfur dioxide	density	pH	sulphates	alcohol	quality
0	10.4	0.52	0.45	2.0	0.08	6.0	13.0	0.99774	3.22	0.76	11.4	1
1	10.4	0.52	0.45	2.0	0.08	6.0	13.0	0.99774	3.22	0.76	11.4	1
2	7.5	0.41	0.15	3.7	0.104	29.0	94.0	0.99786	3.14	0.58	9.1	1
3	8.2	0.51	0.24	2.0	0.079	16.0	86.0	0.99764	3.34	0.64	9.5	1
4	7.3	0.4	0.3	1.7	0.08	33.0	79.0	0.9969	3.41	0.65	9.5	1
5	8.2	0.38	0.32	2.5	0.08	24.0	71.0	0.99624	3.27	0.85	11.0	1
6	6.9	0.45	0.11	2.4	0.043	6.0	12.0	0.99354	3.3	0.65	11.4	1
7	7.0	0.22	0.3	1.8	0.065	16.0	20.0	0.99672	3.61	0.82	10.0	1
8	7.3	0.32	0.23	2.3	0.066	35.0	70.0	0.99588	3.43	0.62	10.1	1
9	8.2	0.2	0.43	2.5	0.076	31.0	51.0	0.99672	3.53	0.81	10.4	1
10	7.8	0.5	0.12	1.8	0.178	6.0	21.0	0.996	3.28	0.87	9.8	1
11	7.8	0.39	0.42	2.0	0.086	9.0	21.0	0.99526	3.39	0.66	11.6	1
12	10.0	0.35	0.47	2.0	0.061	6.0	11.0	0.99585	3.23	0.52	12.0	1
13	6.1	0.58	0.23	2.5	0.044	16.0	70.0	0.99352	3.46	0.65	12.5	1
14	8.3	0.6	0.25	2.2	0.118	9.0	38.0	0.99616	3.15	0.53	9.8	1
15	9.6	0.42	0.35	2.1	0.083	17.0	38.0	0.99622	3.23	0.66	11.1	1
16	6.6	0.58	0.0	2.2	0.1	50.0	63.0	0.99544	3.59	0.68	11.4	1
17	8.3	0.6	0.25	2.2	0.118	9.0	38.0	0.99616	3.15	0.53	9.8	1
18	6.7	0.41	0.43	2.8	0.076	22.0	54.0	0.99572	3.42	1.16	10.6	1
19	10.2	0.41	0.43	2.2	0.11	11.0	37.0	0.99728	3.16	0.67	10.8	1
20	8.8	0.45	0.43	1.4	0.076	12.0	21.0	0.99551	3.21	0.75	10.2	1
21	9.0	0.785	0.24	1.7	0.078	10.0	21.0	0.99692	3.29	0.67	10.0	1
22	9.0	0.785	0.24	1.7	0.078	10.0	21.0	0.99692	3.29	0.67	10.0	1
23	8.5	0.44	0.5	1.9	0.369	15.0	38.0	0.99634	3.01	1.1	9.4	1
24	9.9	0.54	0.26	2.0	0.111	7.0	60.0	0.99709	2.94	0.98	10.2	1
25	6.5	0.34	0.27	2.8	0.067	8.0	44.0	0.99384	3.21	0.56	12.0	1
26	7.6	0.5	0.29	2.3	0.086	5.0	14.0	0.99502	3.32	0.62	11.5	1
27	9.2	0.36	0.34	1.6	0.062	5.0	12.0	0.99667	3.2	0.67	10.5	1
28	7.1	0.59	0.0	2.2	0.078	26.0	44.0	0.99522	3.42	0.68	10.8	1
29	9.7	0.42	0.46	2.1	0.074	5.0	16.0	0.99649	3.27	0.74	12.3	1
30	7.6	0.36	0.31	1.7	0.079	26.0	65.0	0.99716	3.46	0.62	9.5	1
31	7.6	0.36	0.31	1.7	0.079	26.0	65.0	0.99716	3.46	0.62	9.5	1
32	6.5	0.61	0.0	2.2	0.095	48.0	59.0	0.99541	3.61	0.7	11.5	1
33	5.6	0.915	0.0	2.1	0.041	17.0	78.0	0.99346	3.68	0.73	11.4	1
34	8.2	0.35	0.33	2.4	0.076	11.0	47.0	0.99599	3.27	0.81	11.0	1
35	8.2	0.35	0.33	2.4	0.076	11.0	47.0	0.99599	3.27	0.81	11.0	1
36	9.8	0.39	0.43	1.65	0.068	5.0	11.0	0.99478	3.19	0.46	11.4	1
37	10.2	0.4	0.4	2.5	0.068	41.0	54.0	0.99754	3.38	0.86	10.5	1
38	6.8	0.66	0.07	1.6	0.07	16.0	61.0	0.99572	3.29	0.6	9.3	1
39	6.7	0.64	0.23	2.1	0.08	11.0	119.0	0.99538	3.36	0.7	10.9	1
40	7.0	0.43	0.3	2.0	0.085	6.0	39.0	0.99346	3.33	0.46	11.9	1
41	6.6	0.8	0.03	7.8	0.079	6.0	12.0	0.9963	3.52	0.5	12.2	1
42	7.0	0.43	0.3	2.0	0.085	6.0	39.0	0.99346	3.33	0.46	11.9	1
43	6.7	0.64	0.23	2.1	0.08	11.0	119.0	0.99538	3.36	0.7	10.9	1
44	9.1	0.4	0.57	4.6	0.08	6.0	20.0	0.99652	3.28	0.57	12.5	1
45	6.5	0.885	0.0	2.3	0.166	6.0	12.0	0.99551	3.56	0.51	10.8	1
46	6.4	0.885	0.0	2.3	0.166	6.0	12.0	0.99551	3.56	0.51	10.8	1
47	7.0	0.745	0.12	1.8	0.114	15.0	64.0	0.99588	3.22	0.59	9.5	1
48	6.2	0.43	0.22	1.8	0.078	21.0	56.0	0.99633	3.52	0.6	9.5	1
49	7.9	0.58	0.23	2.3	0.076	23.0	94.0	0.99686	3.21	0.58	9.5	1
50	7.7	0.57	0.21	1.5	0.069	4.0	9.0	0.99458	3.16	0.54	9.8	1
51	7.7	0.26	0.26	2.0	0.052	19.0	77.0	0.9951	3.15	0.79	10.9	1
52	7.9	0.58	0.23	2.3	0.076	23.0	94.0	0.99686	3.21	0.58	9.5	1
53	7.7	0.57	0.21	1.5	0.069	4.0	9.0	0.99458	3.16	0.54	9.8	1
54	9.9	0.74	0.19	5.8	0.111	33.0	76.0	0.99878	3.14	0.55	9.4	1
55	9.9	0.72	0.55	1.7	0.136	24.0	52.0	0.99752	3.35	0.94	10.0	1
56	6.8	0.65	0.02	2.1	0.078	8.0	15.0	0.99498	3.35	0.62	10.4	1
57	6.6	0.44	0.15	2.1	0.076	22.0	53.0	0.9957	3.32	0.62	9.3	1
58	6.8	0.65	0.02	2.1	0.078	8.0	15.0	0.99498	3.35	0.62	10.4	1
59	9.6	0.38	0.42	1.9	0.071	5.0	13.0	0.99659	3.15	0.75	10.5	1
60	10.2	0.33	0.46	1.9	0.081	6.0	9.0	0.99628	3.1	0.48	10.4	1
61	8.8	0.27	0.46	2.1	0.095	20.0	29.0	0.99488	3.26	0.56	11.3	1
62	7.9	0.57	0.31	2.0	0.079	10.0	79.0	0.99677	3.29	0.69	9.5	1
63	8.2	0.34	0.37	1.9	0.057	43.0	74.0	0.99408	3.23	0.81	12.0	1
64	8.2	0.4	0.31	1.9	0.082	8.0	24.0	0.996	3.24	0.69	10.6	1
65	9.0	0.39	0.4	1.3	0.044	25.0	50.0	0.99478	3.2	0.83	10.9	1
66	10.9	0.32	0.52	1.8	0.132	17.0	44.0	0.99734	3.28	0.77	11.5	1
67	10.9	0.32	0.52	1.8	0.132	17.0	44.0	0.99734	3.28	0.77	11.5	1
68	8.1	0.53	0.22	2.2	0.078	33.0	89.0	0.99678	3.26	0.46	9.6	1
69	10.5	0.36	0.47	2.2	0.074	9.0	23.0	0.99638	3.23	0.76	12.0	1
70	12.6	0.39	0.49	2.5	0.08	8.0	20.0	0.9992	3.07	0.82	10.3	1
71	9.2	0.46	0.23	2.6	0.091	18.0	77.0	0.99922	3.15	0.51	9.4	1
72	7.5	0.58	0.03	4.1	0.08	27.0	46.0	0.99592	3.02	0.47	9.2	1
73	9.0	0.58	0.25	2.0	0.104	8.0	21.0	0.99769	3.27	0.72	9.6	1
74	7.6	0.43	0.29	2.1	0.075	19.0	66.0	0.99718	3.4	0.64	9.5	1
75	7.7	0.18	0.34	2.7	0.066	15.0	58.0	0.9947	3.37	0.78	11.8	1
76	7.8	0.815	0.01	2.6	0.074	48.0	90.0	0.99621	3.38	0.62	10.8	1
77	7.6	0.43	0.29	2.1	0.075	19.0	66.0	0.99718	3.4	0.64	9.5	1
78	7.1	0.75	0.01	2.2	0.059	11.0	18.0	0.99242	3.39	0.4	12.8	1
79	7.8	0.55	0.0	1.7	0.07	7.0	17.0	0.99659	3.26	0.64	9.4	1
80	7.1	0.75	0.01	2.2	0.059	11.0	18.0	0.99242	3.39	0.4	12.8	1
81	7.5	0.61	0.2	1.7	0.076	36.0	60.0	0.99494	3.1	0.4	9.3	1
82	9.8	0.37	0.39	2.5	0.079	28.0	65.0	0.99729	3.16	0.59	9.8	1
83	9.0	0.4	0.41	2.0	0.058	15.0	40.0	0.99414	3.22	0.6	12.2	1
84	8.3	0.56	0.22	2.4	0.082	10.0	86.0	0.9983	3.37	0.62	9.5	1
85	5.9	0.29	0.25	13.4	0.067	72.0	160.0	0.99721	3.33	0.54	10.3	1
86	7.4	0.55	0.19	1.8	0.082	15.0	34.0	0.99655	3.49	0.68	10.5	1
87	7.4	0.74	0.07	1.7	0.086	15.0	48.0	0.99502	3.12	0.48	10.0	1
88	7.4	0.55	0.19	1.8	0.082	15.0	34.0	0.99655	3.49	0.68	10.5	1
89	6.9	0.41	0.33	2.2	0.081	22.0	36.0	0.9949	3.41	0.75	11.1	1
90	7.1	0.6	0.01	2.3	0.079	24.0	37.0	0.99514	3.4	0.61	10.9	1
91	7.1	0.6	0.01	2.3	0.079	24.0	37.0	0.99514	3.4	0.61	10.9	1
92	7.5	0.58	0.14	2.2	0.077	27.0	60.0	0.9963	3.28	0.59	9.8	1
93	7.1	0.72	0.0	1.8	0.123	6.0	14.0	0.99627	3.45	0.58	9.8	1
94	7.9	0.66	0.0	1.4	0.096	6.0	13.0	0.99569	3.43	0.58	9.5	1
95	7.8	0.7	0.06	1.9	0.079	20.0	35.0	0.99628	3.4	0.69	10.9	1
96	6.1	0.64	0.02	2.4	0.069	26.0	46.0	0.99358	3.47	0.45	11.0	1
97	7.5	0.59	0.22	1.8	0.082	43.0	60.0	0.99499	3.1	0.42	9.2	1
98	7.0	0.58	0.28	4.8	0.085	12.0	69.0	0.99633	3.32	0.7	11.0	1
99	6.8	0.64	0.0	2.7	0.123	15.0	33.0	0.99538	3.44	0.63	11.3	1
100	6.8	0.64	0.0	2.7	0.123	15.0	33.0	0.99538	3.44	0.63	11.3	1
101	8.6	0.635	0.68	1.8	0.403	19.0	56.0	0.99632	3.02	1.15	9.3	1
102	9.8	0.45	0.38	2.5	0.081	34.0	66.0	0.99726	3.15	0.58	9.8	1
103	8.5	0.37	0.32	1.8	0.066	26.0	51.0	0.99456	3.38	0.72	11.8	1
104	7.2	0.57	0.05	2.3	0.081	16.0	36.0	0.99564	3.38	0.6	10.3	1
105	7.2	0.57	0.05	2.3	0.081	16.0	36.0	0.99564	3.38	0.6	10.3	1
106	10.4	0.43	0.5	2.3	0.068	13.0	19.0	0.996	3.1	0.87	11.4	1
107	6.9	0.41	0.31	2.0	0.079	21.0	51.0	0.99668	3.47	0.55	9.5	1
108	5.0	0.38	0.01	1.6	0.048	26.0	60.0	0.99084	3.7	0.75	14.0	1
109	7.3	0.44	0.2	1.6	0.049	24.0	64.0	0.9935	3.38	0.57	11.7	1
110	5.9	0.46	0.0	1.9	0.077	25.0	44.0	0.99385	3.5	0.53	11.2	1
111	7.5	0.58	0.2	2.0	0.073	34.0	44.0	0.99494	3.1	0.43	9.3	1
112	7.8	0.58	0.13	2.1	0.102	17.0	36.0	0.9944	3.24	0.53	11.2	1
113	8.0	0.715	0.22	2.3	0.075	13.0	81.0	0.99688	3.24	0.54	9.5	1
114	7.0	0.69	0.0	1.9	0.114	3.0	10.0	0.99636	3.35	0.6	9.7	1
115	8.0	0.715	0.22	2.3	0.075	13.0	81.0	0.99688	3.24	0.54	9.5	1
116	7.1	0.46	0.2	1.9	0.077	28.0	54.0	0.9956	3.37	0.64	10.4	1
117	7.1	0.46	0.2	1.9	0.077	28.0	54.0	0.9956	3.37	0.64	10.4	1
118	7.9	0.765	0.0	2.0	0.084	9.0	22.0	0.99619	3.33	0.68	10.9	1
119	8.7	0.63	0.28	2.7	0.096	17.0	69.0	0.99734	3.26	0.63	10.2	1
120	7.0	0.42	0.19	2.3	0.071	18.0	36.0	0.99476	3.39	0.56	10.9	1
121	11.3	0.37	0.5	1.8	0.09	20.0	47.0	0.99734	3.15	0.57	10.5	1
122	7.1	0.16	0.44	2.5	0.068	17.0	31.0	0.99328	3.35	0.54	12.4	1
123	8.0	0.6	0.08	2.6	0.056	3.0	7.0	0.99286	3.22	0.37	13.0	1
124	7.0	0.6	0.3	4.5	0.068	20.0	110.0	0.99914	3.3	1.17	10.2	1
125	7.0	0.6	0.3	4.5	0.068	20.0	110.0	0.99914	3.3	1.17	10.2	1
126	7.6	0.74	0.0	1.9	0.1	6.0	12.0	0.99521	3.36	0.59	11.0	1
127	8.2	0.635	0.1	2.1	0.073	25.0	60.0	0.99638	3.29	0.75	10.9	1
128	5.9	0.395	0.13	2.4	0.056	14.0	28.0	0.99362	3.62	0.67	12.4	1
129	8.2	0.635	0.1	2.1	0.073	25.0	60.0	0.99638	3.29	0.75	10.9	1
130	6.6	0.63	0.0	4.3	0.093	51.0	77.5	0.99558	3.2	0.45	9.5	1
131	6.6	0.63	0.0	4.3	0.093	51.0	77.5	0.99558	3.2	0.45	9.5	1
132	8.2	0.78	0.0	2.2	0.089	13.0	26.0	0.9978	3.37	0.46	9.6	0
133	8.5	0.4	0.4	6.3	0.05	3.0	10.0	0.99566	3.28	0.56	12.0	0
134	7.5	0.755	0.0	1.9	0.084	6.0	12.0	0.99672	3.34	0.49	9.7	0
135	7.6	1.58	0.0	2.1	0.137	5.0	9.0	0.99476	3.5	0.4	10.9	0
136	6.8	0.68	0.09	3.9	0.068	15.0	29.0	0.99524	3.41	0.52	11.1	0
137	8.0	0.83	0.27	2.0	0.08	11.0	63.0	0.99652	3.29	0.48	9.8	0
138	10.4	0.52	0.45	2.0	0.08	6.0	13.0	0.99774	3.22	0.76	11.4	1
139	10.4	0.52	0.45	2.0	0.08	6.0	13.0	0.99774	3.22	0.76	11.4	1
140	7.5	0.41	0.15	3.7	0.104	29.0	94.0	0.99786	3.14	0.58	9.1	1
141	8.2	0.51	0.24	2.0	0.079	16.0	86.0	0.99764	3.34	0.64	9.5	1
142	7.3	0.4	0.3	1.7	0.08	33.0	79.0	0.9969	3.41	0.65	9.5	1
143	8.2	0.38	0.32	2.5	0.08	24.0	71.0	0.99624	3.27	0.85	11.0	1
144	6.9	0.45	0.11	2.4	0.043	6.0	12.0	0.99354	3.3	0.65	11.4	1
145	7.0	0.22	0.3	1.8	0.065	16.0	20.0	0.99672	3.61	0.82	10.0	1
146	7.3	0.32	0.23	2.3	0.066	35.0	70.0	0.99588	3.43	0.62	10.1	1
147	8.2	0.2	0.43	2.5	0.076	31.0	51.0	0.99672	3.53	0.81	10.4	1
148	7.8	0.5	0.12	1.8	0.178	6.0	21.0	0.996	3.28	0.87	9.8	1
149	7.8	0.39	0.42	2.0	0.086	9.0	21.0	0.99526	3.39	0.66	11.6	1
150	10.0	0.35	0.47	2.0	0.061	6.0	11.0	0.99585	3.23	0.52	12.0	1
151	6.1	0.58	0.23	2.5	0.044	16.0	70.0	0.99352	3.46	0.65	12.5	1
152	8.3	0.6	0.25	2.2	0.118	9.0	38.0	0.99616	3.15	0.53	9.8	1
153	9.6	0.42	0.35	2.1	0.083	17.0	38.0	0.99622	3.23	0.66	11.1	1
154	6.6	0.58	0.0	2.2	0.1	50.0	63.0	0.99544	3.59	0.68	11.4	1
155	8.3	0.6	0.25	2.2	0.118	9.0	38.0	0.99616	3.15	0.53	9.8	1
156	6.7	0.41	0.43	2.8	0.076	22.0	54.0	0.99572	3.42	1.16	10.6	1
157	10.2	0.41	0.43	2.2	0.11	11.0	37.0	0.99728	3.16	0.67	10.8	1
158	8.8	0.45	0.43	1.4	0.076	12.0	21.0	0.99551	3.21	0.75	10.2	1
159	9.0	0.785	0.24	1.7	0.078	10.0	21.0	0.99692	3.29	0.67	10.0	1
160	9.0	0.785	0.24	1.7	0.078	10.0	21.0	0.99692	3.29	0.67	10.0	1
161	8.5	0.44	0.5	1.9	0.369	15.0	38.0	0.99634	3.01	1.1	9.4	1
162	9.9	0.54	0.26	2.0	0.111	7.0	60.0	0.99709	2.94	0.98	10.2	1
163	6.5	0.34	0.27	2.8	0.067	8.0	44.0	0.99384	3.21	0.56	12.0	1
164	7.6	0.5	0.29	2.3	0.086	5.0	14.0	0.99502	3.32	0.62	11.5	1
165	9.2	0.36	0.34	1.6	0.062	5.0	12.0	0.99667	3.2	0.67	10.5	1
166	7.1	0.59	0.0	2.2	0.078	26.0	44.0	0.99522	3.42	0.68	10.8	1
167	9.7	0.42	0.46	2.1	0.074	5.0	16.0	0.99649	3.27	0.74	12.3	1
168	7.6	0.36	0.31	1.7	0.079	26.0	65.0	0.99716	3.46	0.62	9.5	1
169	7.6	0.36	0.31	1.7	0.079	26.0	65.0	0.99716	3.46	0.62	9.5	1
170	6.5	0.61	0.0	2.2	0.095	48.0	59.0	0.99541	3.61	0.7	11.5	1
171	5.6	0.915	0.0	2.1	0.041	17.0	78.0	0.99346	3.68	0.73	11.4	1
172	8.2	0.35	0.33	2.4	0.076	11.0	47.0	0.99599	3.27	0.81	11.0	1
173	8.2	0.35	0.33	2.4	0.076	11.0	47.0	0.99599	3.27	0.81	11.0	1
174	9.8	0.39	0.43	1.65	0.068	5.0	11.0	0.99478	3.19	0.46	11.4	1
175	10.2	0.4	0.4	2.5	0.068	41.0	54.0	0.99754	3.38	0.86	10.5	1
176	6.8	0.66	0.07	1.6	0.07	16.0	61.0	0.99572	3.29	0.6	9.3	1
177	6.7	0.64	0.23	2.1	0.08	11.0	119.0	0.99538	3.36	0.7	10.9	1
178	7.0	0.43	0.3	2.0	0.085	6.0	39.0	0.99346	3.33	0.46	11.9	1
179	6.6	0.8	0.03	7.8	0.079	6.0	12.0	0.9963	3.52	0.5	12.2	1
180	7.0	0.43	0.3	2.0	0.085	6.0	39.0	0.99346	3.33	0.46	11.9	1
181	6.7	0.64	0.23	2.1	0.08	11.0	119.0	0.99538	3.36	0.7	10.9	1
182	9.1	0.4	0.57	4.6	0.08	6.0	20.0	0.99652	3.28	0.57	12.5	1
183	6.5	0.885	0.0	2.3	0.166	6.0	12.0	0.99551	3.56	0.51	10.8	1
184	6.4	0.885	0.0	2.3	0.166	6.0	12.0	0.99551	3.56	0.51	10.8	1
185	7.0	0.745	0.12	1.8	0.114	15.0	64.0	0.99588	3.22	0.59	9.5	1
186	6.2	0.43	0.22	1.8	0.078	21.0	56.0	0.99633	3.52	0.6	9.5	1
187	7.9	0.58	0.23	2.3	0.076	23.0	94.0	0.99686	3.21	0.58	9.5	1
188	7.7	0.57	0.21	1.5	0.069	4.0	9.0	0.99458	3.16	0.54	9.8	1
189	7.7	0.26	0.26	2.0	0.052	19.0	77.0	0.9951	3.15	0.79	10.9	1
190	7.9	0.58	0.23	2.3	0.076	23.0	94.0	0.99686	3.21	0.58	9.5	1
191	7.7	0.57	0.21	1.5	0.069	4.0	9.0	0.99458	3.16	0.54	9.8	1
192	9.9	0.74	0.19	5.8	0.111	33.0	76.0	0.99878	3.14	0.55	9.4	1
193	9.9	0.72	0.55	1.7	0.136	24.0	52.0	0.99752	3.35	0.94	10.0	1
194	6.8	0.65	0.02	2.1	0.078	8.0	15.0	0.99498	3.35	0.62	10.4	1
195	6.6	0.44	0.15	2.1	0.076	22.0	53.0	0.9957	3.32	0.62	9.3	1
196	6.8	0.65	0.02	2.1	0.078	8.0	15.0	0.99498	3.35	0.62	10.4	1
197	9.6	0.38	0.42	1.9	0.071	5.0	13.0	0.99659	3.15	0.75	10.5	1
198	10.2	0.33	0.46	1.9	0.081	6.0	9.0	0.99628	3.1	0.48	10.4	1
199	8.8	0.27	0.46	2.1	0.095	20.0	29.0	0.99488	3.26	0.56	11.3	1
200	7.9	0.57	0.31	2.0	0.079	10.0	79.0	0.99677	3.29	0.69	9.5	1
201	8.2	0.34	0.37	1.9	0.057	43.0	74.0	0.99408	3.23	0.81	12.0	1
202	8.2	0.4	0.31	1.9	0.082	8.0	24.0	0.996	3.24	0.69	10.6	1
203	9.0	0.39	0.4	1.3	0.044	25.0	50.0	0.99478	3.2	0.83	10.9	1
204	10.9	0.32	0.52	1.8	0.132	17.0	44.0	0.99734	3.28	0.77	11.5	1
205	10.9	0.32	0.52	1.8	0.132	17.0	44.0	0.99734	3.28	0.77	11.5	1
206	8.1	0.53	0.22	2.2	0.078	33.0	89.0	0.99678	3.26	0.46	9.6	1
207	10.5	0.36	0.47	2.2	0.074	9.0	23.0	0.99638	3.23	0.76	12.0	1
208	12.6	0.39	0.49	2.5	0.08	8.0	20.0	0.9992	3.07	0.82	10.3	1
209	9.2	0.46	0.23	2.6	0.091	18.0	77.0	0.99922	3.15	0.51	9.4	1
210	7.5	0.58	0.03	4.1	0.08	27.0	46.0	0.99592	3.02	0.47	9.2	1
211	9.0	0.58	0.25	2.0	0.104	8.0	21.0	0.99769	3.27	0.72	9.6	1
212	7.6	0.43	0.29	2.1	0.075	19.0	66.0	0.99718	3.4	0.64	9.5	1
213	7.7	0.18	0.34	2.7	0.066	15.0	58.0	0.9947	3.37	0.78	11.8	1
214	7.8	0.815	0.01	2.6	0.074	48.0	90.0	0.99621	3.38	0.62	10.8	1
215	7.6	0.43	0.29	2.1	0.075	19.0	66.0	0.99718	3.4	0.64	9.5	1
216	7.1	0.75	0.01	2.2	0.059	11.0	18.0	0.99242	3.39	0.4	12.8	1
217	7.8	0.55	0.0	1.7	0.07	7.0	17.0	0.99659	3.26	0.64	9.4	1
218	7.1	0.75	0.01	2.2	0.059	11.0	18.0	0.99242	3.39	0.4	12.8	1
219	7.5	0.61	0.2	1.7	0.076	36.0	60.0	0.99494	3.1	0.4	9.3	1
220	9.8	0.37	0.39	2.5	0.079	28.0	65.0	0.99729	3.16	0.59	9.8	1
221	9.0	0.4	0.41	2.0	0.058	15.0	40.0	0.99414	3.22	0.6	12.2	1
222	8.3	0.56	0.22	2.4	0.082	10.0	86.0	0.9983	3.37	0.62	9.5	1
223	5.9	0.29	0.25	13.4	0.067	72.0	160.0	0.99721	3.33	0.54	10.3	1
224	7.4	0.55	0.19	1.8	0.082	15.0	34.0	0.99655	3.49	0.68	10.5	1
225	7.4	0.74	0.07	1.7	0.086	15.0	48.0	0.99502	3.12	0.48	10.0	1
226	7.4	0.55	0.19	1.8	0.082	15.0	34.0	0.99655	3.49	0.68	10.5	1
227	6.9	0.41	0.33	2.2	0.081	22.0	36.0	0.9949	3.41	0.75	11.1	1
228	7.1	0.6	0.01	2.3	0.079	24.0	37.0	0.99514	3.4	0.61	10.9	1
229	7.1	0.6	0.01	2.3	0.079	24.0	37.0	0.99514	3.4	0.61	10.9	1
230	7.5	0.58	0.14	2.2	0.077	27.0	60.0	0.9963	3.28	0.59	9.8	1
231	7.1	0.72	0.0	1.8	0.123	6.0	14.0	0.99627	3.45	0.58	9.8	1
232	7.9	0.66	0.0	1.4	0.096	6.0	13.0	0.99569	3.43	0.58	9.5	1
233	7.8	0.7	0.06	1.9	0.079	20.0	35.0	0.99628	3.4	0.69	10.9	1
234	6.1	0.64	0.02	2.4	0.069	26.0	46.0	0.99358	3.47	0.45	11.0	1
235	7.5	0.59	0.22	1.8	0.082	43.0	60.0	0.99499	3.1	0.42	9.2	1
236	7.0	0.58	0.28	4.8	0.085	12.0	69.0	0.99633	3.32	0.7	11.0	1
237	6.8	0.64	0.0	2.7	0.123	15.0	33.0	0.99538	3.44	0.63	11.3	1
238	6.8	0.64	0.0	2.7	0.123	15.0	33.0	0.99538	3.44	0.63	11.3	1
239	8.6	0.635	0.68	1.8	0.403	19.0	56.0	0.99632	3.02	1.15	9.3	1
240	9.8	0.45	0.38	2.5	0.081	34.0	66.0	0.99726	3.15	0.58	9.8	1
241	8.5	0.37	0.32	1.8	0.066	26.0	51.0	0.99456	3.38	0.72	11.8	1
242	7.2	0.57	0.05	2.3	0.081	16.0	36.0	0.99564	3.38	0.6	10.3	1
243	7.2	0.57	0.05	2.3	0.081	16.0	36.0	0.99564	3.38	0.6	10.3	1
244	10.4	0.43	0.5	2.3	0.068	13.0	19.0	0.996	3.1	0.87	11.4	1
245	6.9	0.41	0.31	2.0	0.079	21.0	51.0	0.99668	3.47	0.55	9.5	1
246	5.0	0.38	0.01	1.6	0.048	26.0	60.0	0.99084	3.7	0.75	14.0	1
247	7.3	0.44	0.2	1.6	0.049	24.0	64.0	0.9935	3.38	0.57	11.7	1
248	5.9	0.46	0.0	1.9	0.077	25.0	44.0	0.99385	3.5	0.53	11.2	1
249	7.5	0.58	0.2	2.0	0.073	34.0	44.0	0.99494	3.1	0.43	9.3	1
250	7.8	0.58	0.13	2.1	0.102	17.0	36.0	0.9944	3.24	0.53	11.2	1
251	8.0	0.715	0.22	2.3	0.075	13.0	81.0	0.99688	3.24	0.54	9.5	1
252	7.0	0.69	0.0	1.9	0.114	3.0	10.0	0.99636	3.35	0.6	9.7	1
253	8.0	0.715	0.22	2.3	0.075	13.0	81.0	0.99688	3.24	0.54	9.5	1
254	7.1	0.46	0.2	1.9	0.077	28.0	54.0	0.9956	3.37	0.64	10.4	1
255	7.1	0.46	0.2	1.9	0.077	28.0	54.0	0.9956	3.37	0.64	10.4	1
256	7.9	0.765	0.0	2.0	0.084	9.0	22.0	0.99619	3.33	0.68	10.9	1
257	8.7	0.63	0.28	2.7	0.096	17.0	69.0	0.99734	3.26	0.63	10.2	1
258	7.0	0.42	0.19	2.3	0.071	18.0	36.0	0.99476	3.39	0.56	10.9	1
259	11.3	0.37	0.5	1.8	0.09	20.0	47.0	0.99734	3.15	0.57	10.5	1
260	7.1	0.16	0.44	2.5	0.068	17.0	31.0	0.99328	3.35	0.54	12.4	1
261	8.0	0.6	0.08	2.6	0.056	3.0	7.0	0.99286	3.22	0.37	13.0	1
262	7.0	0.6	0.3	4.5	0.068	20.0	110.0	0.99914	3.3	1.17	10.2	1
263	7.0	0.6	0.3	4.5	0.068	20.0	110.0	0.99914	3.3	1.17	10.2	1
264	7.6	0.74	0.0	1.9	0.1	6.0	12.0	0.99521	3.36	0.59	11.0	1
265	8.2	0.635	0.1	2.1	0.073	25.0	60.0	0.99638	3.29	0.75	10.9	1
266	5.9	0.395	0.13	2.4	0.056	14.0	28.0	0.99362	3.62	0.67	12.4	1
267	8.2	0.635	0.1	2.1	0.073	25.0	60.0	0.99638	3.29	0.75	10.9	1
268	6.6	0.63	0.0	4.3	0.093	51.0	77.5	0.99558	3.2	0.45	9.5	1
269	6.6	0.63	0.0	4.3	0.093	51.0	77.5	0.99558	3.2	0.45	9.5	1
270	8.2	0.78	0.0	2.2	0.089	13.0	26.0	0.9978	3.37	0.46	9.6	0
271	8.5	0.4	0.4	6.3	0.05	3.0	10.0	0.99566	3.28	0.56	12.0	0
272	7.5	0.755	0.0	1.9	0.084	6.0	12.0	0.99672	3.34	0.49	9.7	0
273	7.6	1.58	0.0	2.1	0.137	5.0	9.0	0.99476	3.5	0.4	10.9	0
274	6.8	0.68	0.09	3.9	0.068	15.0	29.0	0.99524	3.41	0.52	11.1	0
275	8.0	0.83	0.27	2.0	0.08	11.0	63.0	0.99652	3.29	0.48	9.8	0
276	10.4	0.52	0.45	2.0	0.08	6.0	13.0	0.99774	3.22	0.76	11.4	1
277	10.4	0.52	0.45	2.0	0.08	6.0	13.0	0.99774	3.22	0.76	11.4	1
278	7.5	0.41	0.15	3.7	0.104	29.0	94.0	0.99786	3.14	0.58	9.1	1
279	8.2	0.51	0.24	2.0	0.079	16.0	86.0	0.99764	3.34	0.64	9.5	1
280	7.3	0.4	0.3	1.7	0.08	33.0	79.0	0.9969	3.41	0.65	9.5	1
281	8.2	0.38	0.32	2.5	0.08	24.0	71.0	0.99624	3.27	0.85	11.0	1
282	6.9	0.45	0.11	2.4	0.043	6.0	12.0	0.99354	3.3	0.65	11.4	1
283	7.0	0.22	0.3	1.8	0.065	16.0	20.0	0.99672	3.61	0.82	10.0	1
284	7.3	0.32	0.23	2.3	0.066	35.0	70.0	0.99588	3.43	0.62	10.1	1
285	8.2	0.2	0.43	2.5	0.076	31.0	51.0	0.99672	3.53	0.81	10.4	1
286	7.8	0.5	0.12	1.8	0.178	6.0	21.0	0.996	3.28	0.87	9.8	1
287	7.8	0.39	0.42	2.0	0.086	9.0	21.0	0.99526	3.39	0.66	11.6	1
288	10.0	0.35	0.47	2.0	0.061	6.0	11.0	0.99585	3.23	0.52	12.0	1
289	6.1	0.58	0.23	2.5	0.044	16.0	70.0	0.99352	3.46	0.65	12.5	1
290	8.3	0.6	0.25	2.2	0.118	9.0	38.0	0.99616	3.15	0.53	9.8	1
291	9.6	0.42	0.35	2.1	0.083	17.0	38.0	0.99622	3.23	0.66	11.1	1
292	6.6	0.58	0.0	2.2	0.1	50.0	63.0	0.99544	3.59	0.68	11.4	1
293	8.3	0.6	0.25	2.2	0.118	9.0	38.0	0.99616	3.15	0.53	9.8	1
294	6.7	0.41	0.43	2.8	0.076	22.0	54.0	0.99572	3.42	1.16	10.6	1
295	10.2	0.41	0.43	2.2	0.11	11.0	37.0	0.99728	3.16	0.67	10.8	1
296	8.8	0.45	0.43	1.4	0.076	12.0	21.0	0.99551	3.21	0.75	10.2	1
297	9.0	0.785	0.24	1.7	0.078	10.0	21.0	0.99692	3.29	0.67	10.0	1
298	9.0	0.785	0.24	1.7	0.078	10.0	21.0	0.99692	3.29	0.67	10.0	1
299	8.5	0.44	0.5	1.9	0.369	15.0	38.0	0.99634	3.01	1.1	9.4	1
300	9.9	0.54	0.26	2.0	0.111	7.0	60.0	0.99709	2.94	0.98	10.2	1
301	6.5	0.34	0.27	2.8	0.067	8.0	44.0	0.99384	3.21	0.56	12.0	1
302	7.6	0.5	0.29	2.3	0.086	5.0	14.0	0.99502	3.32	0.62	11.5	1
303	9.2	0.36	0.34	1.6	0.062	5.0	12.0	0.99667	3.2	0.67	10.5	1
304	7.1	0.59	0.0	2.2	0.078	26.0	44.0	0.99522	3.42	0.68	10.8	1
305	9.7	0.42	0.46	2.1	0.074	5.0	16.0	0.99649	3.27	0.74	12.3	1
306	7.6	0.36	0.31	1.7	0.079	26.0	65.0	0.99716	3.46	0.62	9.5	1
307	7.6	0.36	0.31	1.7	0.079	26.0	65.0	0.99716	3.46	0.62	9.5	1
308	6.5	0.61	0.0	2.2	0.095	48.0	59.0	0.99541	3.61	0.7	11.5	1
309	5.6	0.915	0.0	2.1	0.041	17.0	78.0	0.99346	3.68	0.73	11.4	1
310	8.2	0.35	0.33	2.4	0.076	11.0	47.0	0.99599	3.27	0.81	11.0	1
311	8.2	0.35	0.33	2.4	0.076	11.0	47.0	0.99599	3.27	0.81	11.0	1
312	9.8	0.39	0.43	1.65	0.068	5.0	11.0	0.99478	3.19	0.46	11.4	1
313	10.2	0.4	0.4	2.5	0.068	41.0	54.0	0.99754	3.38	0.86	10.5	1
314	6.8	0.66	0.07	1.6	0.07	16.0	61.0	0.99572	3.29	0.6	9.3	1
315	6.7	0.64	0.23	2.1	0.08	11.0	119.0	0.99538	3.36	0.7	10.9	1
316	7.0	0.43	0.3	2.0	0.085	6.0	39.0	0.99346	3.33	0.46	11.9	1
317	6.6	0.8	0.03	7.8	0.079	6.0	12.0	0.9963	3.52	0.5	12.2	1
318	7.0	0.43	0.3	2.0	0.085	6.0	39.0	0.99346	3.33	0.46	11.9	1
319	6.7	0.64	0.23	2.1	0.08	11.0	119.0	0.99538	3.36	0.7	10.9	1
320	9.1	0.4	0.57	4.6	0.08	6.0	20.0	0.99652	3.28	0.57	12.5	1
321	6.5	0.885	0.0	2.3	0.166	6.0	12.0	0.99551	3.56	0.51	10.8	1
322	6.4	0.885	0.0	2.3	0.166	6.0	12.0	0.99551	3.56	0.51	10.8	1
323	7.0	0.745	0.12	1.8	0.114	15.0	64.0	0.99588	3.22	0.59	9.5	1
324	6.2	0.43	0.22	1.8	0.078	21.0	56.0	0.99633	3.52	0.6	9.5	1
325	7.9	0.58	0.23	2.3	0.076	23.0	94.0	0.99686	3.21	0.58	9.5	1
326	7.7	0.57	0.21	1.5	0.069	4.0	9.0	0.99458	3.16	0.54	9.8	1
327	7.7	0.26	0.26	2.0	0.052	19.0	77.0	0.9951	3.15	0.79	10.9	1
328	7.9	0.58	0.23	2.3	0.076	23.0	94.0	0.99686	3.21	0.58	9.5	1
329	7.7	0.57	0.21	1.5	0.069	4.0	9.0	0.99458	3.16	0.54	9.8	1
330	9.9	0.74	0.19	5.8	0.111	33.0	76.0	0.99878	3.14	0.55	9.4	1
331	9.9	0.72	0.55	1.7	0.136	24.0	52.0	0.99752	3.35	0.94	10.0	1
332	6.8	0.65	0.02	2.1	0.078	8.0	15.0	0.99498	3.35	0.62	10.4	1
333	6.6	0.44	0.15	2.1	0.076	22.0	53.0	0.9957	3.32	0.62	9.3	1
334	6.8	0.65	0.02	2.1	0.078	8.0	15.0	0.99498	3.35	0.62	10.4	1
335	9.6	0.38	0.42	1.9	0.071	5.0	13.0	0.99659	3.15	0.75	10.5	1
336	10.2	0.33	0.46	1.9	0.081	6.0	9.0	0.99628	3.1	0.48	10.4	1
337	8.8	0.27	0.46	2.1	0.095	20.0	29.0	0.99488	3.26	0.56	11.3	1
338	7.9	0.57	0.31	2.0	0.079	10.0	79.0	0.99677	3.29	0.69	9.5	1
339	8.2	0.34	0.37	1.9	0.057	43.0	74.0	0.99408	3.23	0.81	12.0	1
340	8.2	0.4	0.31	1.9	0.082	8.0	24.0	0.996	3.24	0.69	10.6	1
341	9.0	0.39	0.4	1.3	0.044	25.0	50.0	0.99478	3.2	0.83	10.9	1
342	10.9	0.32	0.52	1.8	0.132	17.0	44.0	0.99734	3.28	0.77	11.5	1
343	10.9	0.32	0.52	1.8	0.132	17.0	44.0	0.99734	3.28	0.77	11.5	1
344	8.1	0.53	0.22	2.2	0.078	33.0	89.0	0.99678	3.26	0.46	9.6	1
345	10.5	0.36	0.47	2.2	0.074	9.0	23.0	0.99638	3.23	0.76	12.0	1
346	12.6	0.39	0.49	2.5	0.08	8.0	20.0	0.9992	3.07	0.82	10.3	1
347	9.2	0.46	0.23	2.6	0.091	18.0	77.0	0.99922	3.15	0.51	9.4	1
348	7.5	0.58	0.03	4.1	0.08	27.0	46.0	0.99592	3.02	0.47	9.2	1
349	9.0	0.58	0.25	2.0	0.104	8.0	21.0	0.99769	3.27	0.72	9.6	1
350	7.6	0.43	0.29	2.1	0.075	19.0	66.0	0.99718	3.4	0.64	9.5	1
351	7.7	0.18	0.34	2.7	0.066	15.0	58.0	0.9947	3.37	0.78	11.8	1
352	7.8	0.815	0.01	2.6	0.074	48.0	90.0	0.99621	3.38	0.62	10.8	1
353	7.6	0.43	0.29	2.1	0.075	19.0	66.0	0.99718	3.4	0.64	9.5	1
354	7.1	0.75	0.01	2.2	0.059	11.0	18.0	0.99242	3.39	0.4	12.8	1
355	7.8	0.55	0.0	1.7	0.07	7.0	17.0	0.99659	3.26	0.64	9.4	1
356	7.1	0.75	0.01	2.2	0.059	11.0	18.0	0.99242	3.39	0.4	12.8	1
357	7.5	0.61	0.2	1.7	0.076	36.0	60.0	0.99494	3.1	0.4	9.3	1
358	9.8	0.37	0.39	2.5	0.079	28.0	65.0	0.99729	3.16	0.59	9.8	1
359	9.0	0.4	0.41	2.0	0.058	15.0	40.0	0.99414	3.22	0.6	12.2	1
360	8.3	0.56	0.22	2.4	0.082	10.0	86.0	0.9983	3.37	0.62	9.5	1
361	5.9	0.29	0.25	13.4	0.067	72.0	160.0	0.99721	3.33	0.54	10.3	1
362	7.4	0.55	0.19	1.8	0.082	15.0	34.0	0.99655	3.49	0.68	10.5	1
363	7.4	0.74	0.07	1.7	0.086	15.0	48.0	0.99502	3.12	0.48	10.0	1
364	7.4	0.55	0.19	1.8	0.082	15.0	34.0	0.99655	3.49	0.68	10.5	1
365	6.9	0.41	0.33	2.2	0.081	22.0	36.0	0.9949	3.41	0.75	11.1	1
366	7.1	0.6	0.01	2.3	0.079	24.0	37.0	0.99514	3.4	0.61	10.9	1
367	7.1	0.6	0.01	2.3	0.079	24.0	37.0	0.99514	3.4	0.61	10.9	1
368	7.5	0.58	0.14	2.2	0.077	27.0	60.0	0.9963	3.28	0.59	9.8	1
369	7.1	0.72	0.0	1.8	0.123	6.0	14.0	0.99627	3.45	0.58	9.8	1
370	7.9	0.66	0.0	1.4	0.096	6.0	13.0	0.99569	3.43	0.58	9.5	1
371	7.8	0.7	0.06	1.9	0.079	20.0	35.0	0.99628	3.4	0.69	10.9	1
372	6.1	0.64	0.02	2.4	0.069	26.0	46.0	0.99358	3.47	0.45	11.0	1
373	7.5	0.59	0.22	1.8	0.082	43.0	60.0	0.99499	3.1	0.42	9.2	1
374	7.0	0.58	0.28	4.8	0.085	12.0	69.0	0.99633	3.32	0.7	11.0	1
375	6.8	0.64	0.0	2.7	0.123	15.0	33.0	0.99538	3.44	0.63	11.3	1
376	6.8	0.64	0.0	2.7	0.123	15.0	33.0	0.99538	3.44	0.63	11.3	1
377	8.6	0.635	0.68	1.8	0.403	19.0	56.0	0.99632	3.02	1.15	9.3	1
378	9.8	0.45	0.38	2.5	0.081	34.0	66.0	0.99726	3.15	0.58	9.8	1
379	8.5	0.37	0.32	1.8	0.066	26.0	51.0	0.99456	3.38	0.72	11.8	1
380	7.2	0.57	0.05	2.3	0.081	16.0	36.0	0.99564	3.38	0.6	10.3	1
381	7.2	0.57	0.05	2.3	0.081	16.0	36.0	0.99564	3.38	0.6	10.3	1
382	10.4	0.43	0.5	2.3	0.068	13.0	19.0	0.996	3.1	0.87	11.4	1
383	6.9	0.41	0.31	2.0	0.079	21.0	51.0	0.99668	3.47	0.55	9.5	1
384	5.0	0.38	0.01	1.6	0.048	26.0	60.0	0.99084	3.7	0.75	14.0	1
385	7.3	0.44	0.2	1.6	0.049	24.0	64.0	0.9935	3.38	0.57	11.7	1
386	5.9	0.46	0.0	1.9	0.077	25.0	44.0	0.99385	3.5	0.53	11.2	1
387	7.5	0.58	0.2	2.0	0.073	34.0	44.0	0.99494	3.1	0.43	9.3	1
388	7.8	0.58	0.13	2.1	0.102	17.0	36.0	0.9944	3.24	0.53	11.2	1
389	8.0	0.715	0.22	2.3	0.075	13.0	81.0	0.99688	3.24	0.54	9.5	1
390	7.0	0.69	0.0	1.9	0.114	3.0	10.0	0.99636	3.35	0.6	9.7	1
391	8.0	0.715	0.22	2.3	0.075	13.0	81.0	0.99688	3.24	0.54	9.5	1
392	7.1	0.46	0.2	1.9	0.077	28.0	54.0	0.9956	3.37	0.64	10.4	1
393	7.1	0.46	0.2	1.9	0.077	28.0	54.0	0.9956	3.37	0.64	10.4	1
394	7.9	0.765	0.0	2.0	0.084	9.0	22.0	0.99619	3.33	0.68	10.9	1
395	8.7	0.63	0.28	2.7	0.096	17.0	69.0	0.99734	3.26	0.63	10.2	1
396	7.0	0.42	0.19	2.3	0.071	18.0	36.0	0.99476	3.39	0.56	10.9	1
397	11.3	0.37	0.5	1.8	0.09	20.0	47.0	0.99734	3.15	0.57	10.5	1
398	7.1	0.16	0.44	2.5	0.068	17.0	31.0	0.99328	3.35	0.54	12.4	1
399	8.0	0.6	0.08	2.6	0.056	3.0	7.0	0.99286	3.22	0.37	13.0	1
400	7.0	0.6	0.3	4.5	0.068	20.0	110.0	0.99914	3.3	1.17	10.2	1
401	7.0	0.6	0.3	4.5	0.068	20.0	110.0	0.99914	3.3	1.17	10.2	1
402	7.6	0.74	0.0	1.9	0.1	6.0	12.0	0.99521	3.36	0.59	11.0	1
403	8.2	0.635	0.1	2.1	0.073	25.0	60.0	0.99638	3.29	0.75	10.9	1
404	5.9	0.395	0.13	2.4	0.056	14.0	28.0	0.99362	3.62	0.67	12.4	1
405	8.2	0.635	0.1	2.1	0.073	25.0	60.0	0.99638	3.29	0.75	10.9	1
406	6.6	0.63	0.0	4.3	0.093	51.0	77.5	0.99558	3.2	0.45	9.5	1
407	6.6	0.63	0.0	4.3	0.093	51.0	77.5	0.99558	3.2	0.45	9.5	1
408	8.2	0.78	0.0	2.2	0.089	13.0	26.0	0.9978	3.37	0.46	9.6	0
409	8.5	0.4	0.4	6.3	0.05	3.0	10.0	0.99566	3.28	0.56	12.0	0
410	7.5	0.755	0.0	1.9	0.084	6.0	12.0	0.99672	3.34	0.49	9.7	0
411	7.6	1.58	0.0	2.1	0.137	5.0	9.0	0.99476	3.5	0.4	10.9	0
412	6.8	0.68	0.09	3.9	0.068	15.0	29.0	0.99524	3.41	0.52	11.1	0
413	8.0	0.83	0.27	2.0	0.08	11.0	63.0	0.99652	3.29	0.48	9.8	0
414	10.4	0.52	0.45	2.0	0.08	6.0	13.0	0.99774	3.22	0.76	11.4	1
415	10.4	0.52	0.45	2.0	0.08	6.0	13.0	0.99774	3.22	0.76	11.4	1
416	7.5	0.41	0.15	3.7	0.104	29.0	94.0	0.99786	3.14	0.58	9.1	1
417	8.2	0.51	0.24	2.0	0.079	16.0	86.0	0.99764	3.34	0.64	9.5	1
418	7.3	0.4	0.3	1.7	0.08	33.0	79.0	0.9969	3.41	0.65	9.5	1
419	8.2	0.38	0.32	2.5	0.08	24.0	71.0	0.99624	3.27	0.85	11.0	1
420	6.9	0.45	0.11	2.4	0.043	6.0	12.0	0.99354	3.3	0.65	11.4	1
421	7.0	0.22	0.3	1.8	0.065	16.0	20.0	0.99672	3.61	0.82	10.0	1
422	7.3	0.32	0.23	2.3	0.066	35.0	70.0	0.99588	3.43	0.62	10.1	1
423	8.2	0.2	0.43	2.5	0.076	31.0	51.0	0.99672	3.53	0.81	10.4	1
424	7.8	0.5	0.12	1.8	0.178	6.0	21.0	0.996	3.28	0.87	9.8	1
425	7.8	0.39	0.42	2.0	0.086	9.0	21.0	0.99526	3.39	0.66	11.6	1
426	10.0	0.35	0.47	2.0	0.061	6.0	11.0	0.99585	3.23	0.52	12.0	1
427	6.1	0.58	0.23	2.5	0.044	16.0	70.0	0.99352	3.46	0.65	12.5	1
428	8.3	0.6	0.25	2.2	0.118	9.0	38.0	0.99616	3.15	0.53	9.8	1
429	9.6	0.42	0.35	2.1	0.083	17.0	38.0	0.99622	3.23	0.66	11.1	1
430	6.6	0.58	0.0	2.2	0.1	50.0	63.0	0.99544	3.59	0.68	11.4	1
431	8.3	0.6	0.25	2.2	0.118	9.0	38.0	0.99616	3.15	0.53	9.8	1
432	6.7	0.41	0.43	2.8	0.076	22.0	54.0	0.99572	3.42	1.16	10.6	1
433	10.2	0.41	0.43	2.2	0.11	11.0	37.0	0.99728	3.16	0.67	10.8	1
434	8.8	0.45	0.43	1.4	0.076	12.0	21.0	0.99551	3.21	0.75	10.2	1
435	9.0	0.785	0.24	1.7	0.078	10.0	21.0	0.99692	3.29	0.67	10.0	1
436	9.0	0.785	0.24	1.7	0.078	10.0	21.0	0.99692	3.29	0.67	10.0	1
437	8.5	0.44	0.5	1.9	0.369	15.0	38.0	0.99634	3.01	1.1	9.4	1
438	9.9	0.54	0.26	2.0	0.111	7.0	60.0	0.99709	2.94	0.98	10.2	1
439	6.5	0.34	0.27	2.8	0.067	8.0	44.0	0.99384	3.21	0.56	12.0	1
440	7.6	0.5	0.29	2.3	0.086	5.0	14.0	0.99502	3.32	0.62	11.5	1
441	9.2	0.36	0.34	1.6	0.062	5.0	12.0	0.99667	3.2	0.67	10.5	1
442	7.1	0.59	0.0	2.2	0.078	26.0	44.0	0.99522	3.42	0.68	10.8	1
443	9.7	0.42	0.46	2.1	0.074	5.0	16.0	0.99649	3.27	0.74	12.3	1
444	7.6	0.36	0.31	1.7	0.079	26.0	65.0	0.99716	3.46	0.62	9.5	1
445	7.6	0.36	0.31	1.7	0.079	26.0	65.0	0.99716	3.46	0.62	9.5	1
446	6.5	0.61	0.0	2.2	0.095	48.0	59.0	0.99541	3.61	0.7	11.5	1
447	5.6	0.915	0.0	2.1	0.041	17.0	78.0	0.99346	3.68	0.73	11.4	1
448	8.2	0.35	0.33	2.4	0.076	11.0	47.0	0.99599	3.27	0.81	11.0	1
449	8.2	0.35	0.33	2.4	0.076	11.0	47.0	0.99599	3.27	0.81	11.0	1
450	9.8	0.39	0.43	1.65	0.068	5.0	11.0	0.99478	3.19	0.46	11.4	1
451	10.2	0.4	0.4	2.5	0.068	41.0	54.0	0.99754	3.38	0.86	10.5	1
452	6.8	0.66	0.07	1.6	0.07	16.0	61.0	0.99572	3.29	0.6	9.3	1
453	6.7	0.64	0.23	2.1	0.08	11.0	119.0	0.99538	3.36	0.7	10.9	1
454	7.0	0.43	0.3	2.0	0.085	6.0	39.0	0.99346	3.33	0.46	11.9	1
455	6.6	0.8	0.03	7.8	0.079	6.0	12.0	0.9963	3.52	0.5	12.2	1
456	7.0	0.43	0.3	2.0	0.085	6.0	39.0	0.99346	3.33	0.46	11.9	1
457	6.7	0.64	0.23	2.1	0.08	11.0	119.0	0.99538	3.36	0.7	10.9	1
458	9.1	0.4	0.57	4.6	0.08	6.0	20.0	0.99652	3.28	0.57	12.5	1
459	6.5	0.885	0.0	2.3	0.166	6.0	12.0	0.99551	3.56	0.51	10.8	1
460	6.4	0.885	0.0	2.3	0.166	6.0	12.0	0.99551	3.56	0.51	10.8	1
461	7.0	0.745	0.12	1.8	0.114	15.0	64.0	0.99588	3.22	0.59	9.5	1
462	6.2	0.43	0.22	1.8	0.078	21.0	56.0	0.99633	3.52	0.6	9.5	1
463	7.9	0.58	0.23	2.3	0.076	23.0	94.0	0.99686	3.21	0.58	9.5	1
464	7.7	0.57	0.21	1.5	0.069	4.0	9.0	0.99458	3.16	0.54	9.8	1
465	7.7	0.26	0.26	2.0	0.052	19.0	77.0	0.9951	3.15	0.79	10.9	1
466	7.9	0.58	0.23	2.3	0.076	23.0	94.0	0.99686	3.21	0.58	9.5	1
467	7.7	0.57	0.21	1.5	0.069	4.0	9.0	0.99458	3.16	0.54	9.8	1
468	9.9	0.74	0.19	5.8	0.111	33.0	76.0	0.99878	3.14	0.55	9.4	1
469	9.9	0.72	0.55	1.7	0.136	24.0	52.0	0.99752	3.35	0.94	10.0	1
470	6.8	0.65	0.02	2.1	0.078	8.0	15.0	0.99498	3.35	0.62	10.4	1
471	6.6	0.44	0.15	2.1	0.076	22.0	53.0	0.9957	3.32	0.62	9.3	1
472	6.8	0.65	0.02	2.1	0.078	8.0	15.0	0.99498	3.35	0.62	10.4	1
473	9.6	0.38	0.42	1.9	0.071	5.0	13.0	0.99659	3.15	0.75	10.5	1
474	10.2	0.33	0.46	1.9	0.081	6.0	9.0	0.99628	3.1	0.48	10.4	1
475	8.8	0.27	0.46	2.1	0.095	20.0	29.0	0.99488	3.26	0.56	11.3	1
476	7.9	0.57	0.31	2.0	0.079	10.0	79.0	0.99677	3.29	0.69	9.5	1
477	8.2	0.34	0.37	1.9	0.057	43.0	74.0	0.99408	3.23	0.81	12.0	1
478	8.2	0.4	0.31	1.9	0.082	8.0	24.0	0.996	3.24	0.69	10.6	1
479	9.0	0.39	0.4	1.3	0.044	25.0	50.0	0.99478	3.2	0.83	10.9	1
480	10.9	0.32	0.52	1.8	0.132	17.0	44.0	0.99734	3.28	0.77	11.5	1
481	10.9	0.32	0.52	1.8	0.132	17.0	44.0	0.99734	3.28	0.77	11.5	1
482	8.1	0.53	0.22	2.2	0.078	33.0	89.0	0.99678	3.26	0.46	9.6	1
483	10.5	0.36	0.47	2.2	0.074	9.0	23.0	0.99638	3.23	0.76	12.0	1
484	12.6	0.39	0.49	2.5	0.08	8.0	20.0	0.9992	3.07	0.82	10.3	1
485	9.2	0.46	0.23	2.6	0.091	18.0	77.0	0.99922	3.15	0.51	9.4	1
486	7.5	0.58	0.03	4.1	0.08	27.0	46.0	0.99592	3.02	0.47	9.2	1
487	9.0	0.58	0.25	2.0	0.104	8.0	21.0	0.99769	3.27	0.72	9.6	1
488	7.6	0.43	0.29	2.1	0.075	19.0	66.0	0.99718	3.4	0.64	9.5	1
489	7.7	0.18	0.34	2.7	0.066	15.0	58.0	0.9947	3.37	0.78	11.8	1
490	7.8	0.815	0.01	2.6	0.074	48.0	90.0	0.99621	3.38	0.62	10.8	1
491	7.6	0.43	0.29	2.1	0.075	19.0	66.0	0.99718	3.4	0.64	9.5	1
492	7.1	0.75	0.01	2.2	0.059	11.0	18.0	0.99242	3.39	0.4	12.8	1
493	7.8	0.55	0.0	1.7	0.07	7.0	17.0	0.99659	3.26	0.64	9.4	1
494	7.1	0.75	0.01	2.2	0.059	11.0	18.0	0.99242	3.39	0.4	12.8	1
495	7.5	0.61	0.2	1.7	0.076	36.0	60.0	0.99494	3.1	0.4	9.3	1
496	9.8	0.37	0.39	2.5	0.079	28.0	65.0	0.99729	3.16	0.59	9.8	1
497	9.0	0.4	0.41	2.0	0.058	15.0	40.0	0.99414	3.22	0.6	12.2	1
498	8.3	0.56	0.22	2.4	0.082	10.0	86.0	0.9983	3.37	0.62	9.5	1
499	5.9	0.29	0.25	13.4	0.067	72.0	160.0	0.99721	3.33	0.54	10.3	1
500	7.4	0.55	0.19	1.8	0.082	15.0	34.0	0.99655	3.49	0.68	10.5	1
501	7.4	0.74	0.07	1.7	0.086	15.0	48.0	0.99502	3.12	0.48	10.0	1
502	7.4	0.55	0.19	1.8	0.082	15.0	34.0	0.99655	3.49	0.68	10.5	1
503	6.9	0.41	0.33	2.2	0.081	22.0	36.0	0.9949	3.41	0.75	11.1	1
504	7.1	0.6	0.01	2.3	0.079	24.0	37.0	0.99514	3.4	0.61	10.9	1
505	7.1	0.6	0.01	2.3	0.079	24.0	37.0	0.99514	3.4	0.61	10.9	1
506	7.5	0.58	0.14	2.2	0.077	27.0	60.0	0.9963	3.28	0.59	9.8	1
507	7.1	0.72	0.0	1.8	0.123	6.0	14.0	0.99627	3.45	0.58	9.8	1
508	7.9	0.66	0.0	1.4	0.096	6.0	13.0	0.99569	3.43	0.58	9.5	1
509	7.8	0.7	0.06	1.9	0.079	20.0	35.0	0.99628	3.4	0.69	10.9	1
510	6.1	0.64	0.02	2.4	0.069	26.0	46.0	0.99358	3.47	0.45	11.0	1
511	7.5	0.59	0.22	1.8	0.082	43.0	60.0	0.99499	3.1	0.42	9.2	1
512	7.0	0.58	0.28	4.8	0.085	12.0	69.0	0.99633	3.32	0.7	11.0	1
513	6.8	0.64	0.0	2.7	0.123	15.0	33.0	0.99538	3.44	0.63	11.3	1
514	6.8	0.64	0.0	2.7	0.123	15.0	33.0	0.99538	3.44	0.63	11.3	1
515	8.6	0.635	0.68	1.8	0.403	19.0	56.0	0.99632	3.02	1.15	9.3	1
516	9.8	0.45	0.38	2.5	0.081	34.0	66.0	0.99726	3.15	0.58	9.8	1
517	8.5	0.37	0.32	1.8	0.066	26.0	51.0	0.99456	3.38	0.72	11.8	1
518	7.2	0.57	0.05	2.3	0.081	16.0	36.0	0.99564	3.38	0.6	10.3	1
519	7.2	0.57	0.05	2.3	0.081	16.0	36.0	0.99564	3.38	0.6	10.3	1
520	10.4	0.43	0.5	2.3	0.068	13.0	19.0	0.996	3.1	0.87	11.4	1
521	6.9	0.41	0.31	2.0	0.079	21.0	51.0	0.99668	3.47	0.55	9.5	1
522	5.0	0.38	0.01	1.6	0.048	26.0	60.0	0.99084	3.7	0.75	14.0	1
523	7.3	0.44	0.2	1.6	0.049	24.0	64.0	0.9935	3.38	0.57	11.7	1
524	5.9	0.46	0.0	1.9	0.077	25.0	44.0	0.99385	3.5	0.53	11.2	1
525	7.5	0.58	0.2	2.0	0.073	34.0	44.0	0.99494	3.1	0.43	9.3	1
526	7.8	0.58	0.13	2.1	0.102	17.0	36.0	0.9944	3.24	0.53	11.2	1
527	8.0	0.715	0.22	2.3	0.075	13.0	81.0	0.99688	3.24	0.54	9.5	1
528	7.0	0.69	0.0	1.9	0.114	3.0	10.0	0.99636	3.35	0.6	9.7	1
529	8.0	0.715	0.22	2.3	0.075	13.0	81.0	0.99688	3.24	0.54	9.5	1
530	7.1	0.46	0.2	1.9	0.077	28.0	54.0	0.9956	3.37	0.64	10.4	1
531	7.1	0.46	0.2	1.9	0.077	28.0	54.0	0.9956	3.37	0.64	10.4	1
532	7.9	0.765	0.0	2.0	0.084	9.0	22.0	0.99619	3.33	0.68	10.9	1
533	8.7	0.63	0.28	2.7	0.096	17.0	69.0	0.99734	3.26	0.63	10.2	1
534	7.0	0.42	0.19	2.3	0.071	18.0	36.0	0.99476	3.39	0.56	10.9	1
535	11.3	0.37	0.5	1.8	0.09	20.0	47.0	0.99734	3.15	0.57	10.5	1
536	7.1	0.16	0.44	2.5	0.068	17.0	31.0	0.99328	3.35	0.54	12.4	1
537	8.0	0.6	0.08	2.6	0.056	3.0	7.0	0.99286	3.22	0.37	13.0	1
538	7.0	0.6	0.3	4.5	0.068	20.0	110.0	0.99914	3.3	1.17	10.2	1
539	7.0	0.6	0.3	4.5	0.068	20.0	110.0	0.99914	3.3	1.17	10.2	1
540	7.6	0.74	0.0	1.9	0.1	6.0	12.0	0.99521	3.36	0.59	11.0	1
541	8.2	0.635	0.1	2.1	0.073	25.0	60.0	0.99638	3.29	0.75	10.9	1
542	5.9	0.395	0.13	2.4	0.056	14.0	28.0	0.99362	3.62	0.67	12.4	1
543	8.2	0.635	0.1	2.1	0.073	25.0	60.0	0.99638	3.29	0.75	10.9	1
544	6.6	0.63	0.0	4.3	0.093	51.0	77.5	0.99558	3.2	0.45	9.5	1
545	6.6	0.63	0.0	4.3	0.093	51.0	77.5	0.99558	3.2	0.45	9.5	1
546	8.2	0.78	0.0	2.2	0.089	13.0	26.0	0.9978	3.37	0.46	9.6	0
547	8.5	0.4	0.4	6.3	0.05	3.0	10.0	0.99566	3.28	0.56	12.0	0
548	7.5	0.755	0.0	1.9	0.084	6.0	12.0	0.99672	3.34	0.49	9.7	0
549	7.6	1.58	0.0	2.1	0.137	5.0	9.0	0.99476	3.5	0.4	10.9	0
550	6.8	0.68	0.09	3.9	0.068	15.0	29.0	0.99524	3.41	0.52	11.1	0
551	8.0	0.83	0.27	2.0	0.08	11.0	63.0	0.99652	3.29	0.48	9.8	0
552	10.4	0.52	0.45	2.0	0.08	6.0	13.0	0.99774	3.22	0.76	11.4	1
553	10.4	0.52	0.45	2.0	0.08	6.0	13.0	0.99774	3.22	0.76	11.4	1
554	7.5	0.41	0.15	3.7	0.104	29.0	94.0	0.99786	3.14	0.58	9.1	1
555	8.2	0.51	0.24	2.0	0.079	16.0	86.0	0.99764	3.34	0.64	9.5	1
556	7.3	0.4	0.3	1.7	0.08	33.0	79.0	0.9969	3.41	0.65	9.5	1
557	8.2	0.38	0.32	2.5	0.08	24.0	71.0	0.99624	3.27	0.85	11.0	1
558	6.9	0.45	0.11	2.4	0.043	6.0	12.0	0.99354	3.3	0.65	11.4	1
559	7.0	0.22	0.3	1.8	0.065	16.0	20.0	0.99672	3.61	0.82	10.0	1
560	7.3	0.32	0.23	2.3	0.066	35.0	70.0	0.99588	3.43	0.62	10.1	1
561	8.2	0.2	0.43	2.5	0.076	31.0	51.0	0.99672	3.53	0.81	10.4	1
562	7.8	0.5	0.12	1.8	0.178	6.0	21.0	0.996	3.28	0.87	9.8	1
563	7.8	0.39	0.42	2.0	0.086	9.0	21.0	0.99526	3.39	0.66	11.6	1
564	10.0	0.35	0.47	2.0	0.061	6.0	11.0	0.99585	3.23	0.52	12.0	1
565	6.1	0.58	0.23	2.5	0.044	16.0	70.0	0.99352	3.46	0.65	12.5	1
566	8.3	0.6	0.25	2.2	0.118	9.0	38.0	0.99616	3.15	0.53	9.8	1
567	9.6	0.42	0.35	2.1	0.083	17.0	38.0	0.99622	3.23	0.66	11.1	1
568	6.6	0.58	0.0	2.2	0.1	50.0	63.0	0.99544	3.59	0.68	11.4	1
569	8.3	0.6	0.25	2.2	0.118	9.0	38.0	0.99616	3.15	0.53	9.8	1
570	6.7	0.41	0.43	2.8	0.076	22.0	54.0	0.99572	3.42	1.16	10.6	1
571	10.2	0.41	0.43	2.2	0.11	11.0	37.0	0.99728	3.16	0.67	10.8	1
572	8.8	0.45	0.43	1.4	0.076	12.0	21.0	0.99551	3.21	0.75	10.2	1
573	9.0	0.785	0.24	1.7	0.078	10.0	21.0	0.99692	3.29	0.67	10.0	1
574	9.0	0.785	0.24	1.7	0.078	10.0	21.0	0.99692	3.29	0.67	10.0	1
575	8.5	0.44	0.5	1.9	0.369	15.0	38.0	0.99634	3.01	1.1	9.4	1
576	9.9	0.54	0.26	2.0	0.111	7.0	60.0	0.99709	2.94	0.98	10.2	1
577	6.5	0.34	0.27	2.8	0.067	8.0	44.0	0.99384	3.21	0.56	12.0	1
578	7.6	0.5	0.29	2.3	0.086	5.0	14.0	0.99502	3.32	0.62	11.5	1
579	9.2	0.36	0.34	1.6	0.062	5.0	12.0	0.99667	3.2	0.67	10.5	1
580	7.1	0.59	0.0	2.2	0.078	26.0	44.0	0.99522	3.42	0.68	10.8	1
581	9.7	0.42	0.46	2.1	0.074	5.0	16.0	0.99649	3.27	0.74	12.3	1
582	7.6	0.36	0.31	1.7	0.079	26.0	65.0	0.99716	3.46	0.62	9.5	1
583	7.6	0.36	0.31	1.7	0.079	26.0	65.0	0.99716	3.46	0.62	9.5	1
584	6.5	0.61	0.0	2.2	0.095	48.0	59.0	0.99541	3.61	0.7	11.5	1
585	5.6	0.915	0.0	2.1	0.041	17.0	78.0	0.99346	3.68	0.73	11.4	1
586	8.2	0.35	0.33	2.4	0.076	11.0	47.0	0.99599	3.27	0.81	11.0	1
587	8.2	0.35	0.33	2.4	0.076	11.0	47.0	0.99599	3.27	0.81	11.0	1
588	9.8	0.39	0.43	1.65	0.068	5.0	11.0	0.99478	3.19	0.46	11.4	1
589	10.2	0.4	0.4	2.5	0.068	41.0	54.0	0.99754	3.38	0.86	10.5	1
590	6.8	0.66	0.07	1.6	0.07	16.0	61.0	0.99572	3.29	0.6	9.3	1
591	6.7	0.64	0.23	2.1	0.08	11.0	119.0	0.99538	3.36	0.7	10.9	1
592	7.0	0.43	0.3	2.0	0.085	6.0	39.0	0.99346	3.33	0.46	11.9	1
593	6.6	0.8	0.03	7.8	0.079	6.0	12.0	0.9963	3.52	0.5	12.2	1
594	7.0	0.43	0.3	2.0	0.085	6.0	39.0	0.99346	3.33	0.46	11.9	1
595	6.7	0.64	0.23	2.1	0.08	11.0	119.0	0.99538	3.36	0.7	10.9	1
596	9.1	0.4	0.57	4.6	0.08	6.0	20.0	0.99652	3.28	0.57	12.5	1
597	6.5	0.885	0.0	2.3	0.166	6.0	12.0	0.99551	3.56	0.51	10.8	1
598	6.4	0.885	0.0	2.3	0.166	6.0	12.0	0.99551	3.56	0.51	10.8	1
599	7.0	0.745	0.12	1.8	0.114	15.0	64.0	0.99588	3.22	0.59	9.5	1
600	6.2	0.43	0.22	1.8	0.078	21.0	56.0	0.99633	3.52	0.6	9.5	1
601	7.9	0.58	0.23	2.3	0.076	23.0	94.0	0.99686	3.21	0.58	9.5	1
602	7.7	0.57	0.21	1.5	0.069	4.0	9.0	0.99458	3.16	0.54	9.8	1
603	7.7	0.26	0.26	2.0	0.052	19.0	77.0	0.9951	3.15	0.79	10.9	1
604	7.9	0.58	0.23	2.3	0.076	23.0	94.0	0.99686	3.21	0.58	9.5	1
605	7.7	0.57	0.21	1.5	0.069	4.0	9.0	0.99458	3.16	0.54	9.8	1
606	9.9	0.74	0.19	5.8	0.111	33.0	76.0	0.99878	3.14	0.55	9.4	1
607	9.9	0.72	0.55	1.7	0.136	24.0	52.0	0.99752	3.35	0.94	10.0	1
608	6.8	0.65	0.02	2.1	0.078	8.0	15.0	0.99498	3.35	0.62	10.4	1
609	6.6	0.44	0.15	2.1	0.076	22.0	53.0	0.9957	3.32	0.62	9.3	1
610	6.8	0.65	0.02	2.1	0.078	8.0	15.0	0.99498	3.35	0.62	10.4	1
611	9.6	0.38	0.42	1.9	0.071	5.0	13.0	0.99659	3.15	0.75	10.5	1
612	10.2	0.33	0.46	1.9	0.081	6.0	9.0	0.99628	3.1	0.48	10.4	1
613	8.8	0.27	0.46	2.1	0.095	20.0	29.0	0.99488	3.26	0.56	11.3	1
614	7.9	0.57	0.31	2.0	0.079	10.0	79.0	0.99677	3.29	0.69	9.5	1
615	8.2	0.34	0.37	1.9	0.057	43.0	74.0	0.99408	3.23	0.81	12.0	1
616	8.2	0.4	0.31	1.9	0.082	8.0	24.0	0.996	3.24	0.69	10.6	1
617	9.0	0.39	0.4	1.3	0.044	25.0	50.0	0.99478	3.2	0.83	10.9	1
618	10.9	0.32	0.52	1.8	0.132	17.0	44.0	0.99734	3.28	0.77	11.5	1
619	10.9	0.32	0.52	1.8	0.132	17.0	44.0	0.99734	3.28	0.77	11.5	1
620	8.1	0.53	0.22	2.2	0.078	33.0	89.0	0.99678	3.26	0.46	9.6	1
621	10.5	0.36	0.47	2.2	0.074	9.0	23.0	0.99638	3.23	0.76	12.0	1
622	12.6	0.39	0.49	2.5	0.08	8.0	20.0	0.9992	3.07	0.82	10.3	1
623	9.2	0.46	0.23	2.6	0.091	18.0	77.0	0.99922	3.15	0.51	9.4	1
624	7.5	0.58	0.03	4.1	0.08	27.0	46.0	0.99592	3.02	0.47	9.2	1
625	9.0	0.58	0.25	2.0	0.104	8.0	21.0	0.99769	3.27	0.72	9.6	1
626	7.6	0.43	0.29	2.1	0.075	19.0	66.0	0.99718	3.4	0.64	9.5	1
627	7.7	0.18	0.34	2.7	0.066	15.0	58.0	0.9947	3.37	0.78	11.8	1
628	7.8	0.815	0.01	2.6	0.074	48.0	90.0	0.99621	3.38	0.62	10.8	1
629	7.6	0.43	0.29	2.1	0.075	19.0	66.0	0.99718	3.4	0.64	9.5	1
630	7.1	0.75	0.01	2.2	0.059	11.0	18.0	0.99242	3.39	0.4	12.8	1
631	7.8	0.55	0.0	1.7	0.07	7.0	17.0	0.99659	3.26	0.64	9.4	1
632	7.1	0.75	0.01	2.2	0.059	11.0	18.0	0.99242	3.39	0.4	12.8	1
633	7.5	0.61	0.2	1.7	0.076	36.0	60.0	0.99494	3.1	0.4	9.3	1
634	9.8	0.37	0.39	2.5	0.079	28.0	65.0	0.99729	3.16	0.59	9.8	1
635	9.0	0.4	0.41	2.0	0.058	15.0	40.0	0.99414	3.22	0.6	12.2	1
636	8.3	0.56	0.22	2.4	0.082	10.0	86.0	0.9983	3.37	0.62	9.5	1
637	5.9	0.29	0.25	13.4	0.067	72.0	160.0	0.99721	3.33	0.54	10.3	1
638	7.4	0.55	0.19	1.8	0.082	15.0	34.0	0.99655	3.49	0.68	10.5	1
639	7.4	0.74	0.07	1.7	0.086	15.0	48.0	0.99502	3.12	0.48	10.0	1
640	7.4	0.55	0.19	1.8	0.082	15.0	34.0	0.99655	3.49	0.68	10.5	1
641	6.9	0.41	0.33	2.2	0.081	22.0	36.0	0.9949	3.41	0.75	11.1	1
642	7.1	0.6	0.01	2.3	0.079	24.0	37.0	0.99514	3.4	0.61	10.9	1
643	7.1	0.6	0.01	2.3	0.079	24.0	37.0	0.99514	3.4	0.61	10.9	1
644	7.5	0.58	0.14	2.2	0.077	27.0	60.0	0.9963	3.28	0.59	9.8	1
645	7.1	0.72	0.0	1.8	0.123	6.0	14.0	0.99627	3.45	0.58	9.8	1
646	7.9	0.66	0.0	1.4	0.096	6.0	13.0	0.99569	3.43	0.58	9.5	1
647	7.8	0.7	0.06	1.9	0.079	20.0	35.0	0.99628	3.4	0.69	10.9	1
648	6.1	0.64	0.02	2.4	0.069	26.0	46.0	0.99358	3.47	0.45	11.0	1
649	7.5	0.59	0.22	1.8	0.082	43.0	60.0	0.99499	3.1	0.42	9.2	1
650	7.0	0.58	0.28	4.8	0.085	12.0	69.0	0.99633	3.32	0.7	11.0	1
651	6.8	0.64	0.0	2.7	0.123	15.0	33.0	0.99538	3.44	0.63	11.3	1
652	6.8	0.64	0.0	2.7	0.123	15.0	33.0	0.99538	3.44	0.63	11.3	1
653	8.6	0.635	0.68	1.8	0.403	19.0	56.0	0.99632	3.02	1.15	9.3	1
654	9.8	0.45	0.38	2.5	0.081	34.0	66.0	0.99726	3.15	0.58	9.8	1
655	8.5	0.37	0.32	1.8	0.066	26.0	51.0	0.99456	3.38	0.72	11.8	1
656	7.2	0.57	0.05	2.3	0.081	16.0	36.0	0.99564	3.38	0.6	10.3	1
657	7.2	0.57	0.05	2.3	0.081	16.0	36.0	0.99564	3.38	0.6	10.3	1
658	10.4	0.43	0.5	2.3	0.068	13.0	19.0	0.996	3.1	0.87	11.4	1
659	6.9	0.41	0.31	2.0	0.079	21.0	51.0	0.99668	3.47	0.55	9.5	1
660	5.0	0.38	0.01	1.6	0.048	26.0	60.0	0.99084	3.7	0.75	14.0	1
661	7.3	0.44	0.2	1.6	0.049	24.0	64.0	0.9935	3.38	0.57	11.7	1
662	5.9	0.46	0.0	1.9	0.077	25.0	44.0	0.99385	3.5	0.53	11.2	1
663	7.5	0.58	0.2	2.0	0.073	34.0	44.0	0.99494	3.1	0.43	9.3	1
664	7.8	0.58	0.13	2.1	0.102	17.0	36.0	0.9944	3.24	0.53	11.2	1
665	8.0	0.715	0.22	2.3	0.075	13.0	81.0	0.99688	3.24	0.54	9.5	1
666	7.0	0.69	0.0	1.9	0.114	3.0	10.0	0.99636	3.35	0.6	9.7	1
667	8.0	0.715	0.22	2.3	0.075	13.0	81.0	0.99688	3.24	0.54	9.5	1
668	7.1	0.46	0.2	1.9	0.077	28.0	54.0	0.9956	3.37	0.64	10.4	1
669	7.1	0.46	0.2	1.9	0.077	28.0	54.0	0.9956	3.37	0.64	10.4	1
670	7.9	0.765	0.0	2.0	0.084	9.0	22.0	0.99619	3.33	0.68	10.9	1
671	8.7	0.63	0.28	2.7	0.096	17.0	69.0	0.99734	3.26	0.63	10.2	1
672	7.0	0.42	0.19	2.3	0.071	18.0	36.0	0.99476	3.39	0.56	10.9	1
673	11.3	0.37	0.5	1.8	0.09	20.0	47.0	0.99734	3.15	0.57	10.5	1
674	7.1	0.16	0.44	2.5	0.068	17.0	31.0	0.99328	3.35	0.54	12.4	1
675	8.0	0.6	0.08	2.6	0.056	3.0	7.0	0.99286	3.22	0.37	13.0	1
676	7.0	0.6	0.3	4.5	0.068	20.0	110.0	0.99914	3.3	1.17	10.2	1
677	7.0	0.6	0.3	4.5	0.068	20.0	110.0	0.99914	3.3	1.17	10.2	1
678	7.6	0.74	0.0	1.9	0.1	6.0	12.0	0.99521	3.36	0.59	11.0	1
679	8.2	0.635	0.1	2.1	0.073	25.0	60.0	0.99638	3.29	0.75	10.9	1
680	5.9	0.395	0.13	2.4	0.056	14.0	28.0	0.99362	3.62	0.67	12.4	1
681	8.2	0.635	0.1	2.1	0.073	25.0	60.0	0.99638	3.29	0.75	10.9	1
682	6.6	0.63	0.0	4.3	0.093	51.0	77.5	0.99558	3.2	0.45	9.5	1
683	6.6	0.63	0.0	4.3	0.093	51.0	77.5	0.99558	3.2	0.45	9.5	1
684	8.2	0.78	0.0	2.2	0.089	13.0	26.0	0.9978	3.37	0.46	9.6	0
685	8.5	0.4	0.4	6.3	0.05	3.0	10.0	0.99566	3.28	0.56	12.0	0
686	7.5	0.755	0.0	1.9	0.084	6.0	12.0	0.99672	3.34	0.49	9.7	0
687	7.6	1.58	0.0	2.1	0.137	5.0	9.0	0.99476	3.5	0.4	10.9	0
688	6.8	0.68	0.09	3.9	0.068	15.0	29.0	0.99524	3.41	0.52	11.1	0
689	8.0	0.83	0.27	2.0	0.08	11.0	63.0	0.99652	3.29	0.48	9.8	0
690	10.4	0.52	0.45	2.0	0.08	6.0	13.0	0.99774	3.22	0.76	11.4	1
691	10.4	0.52	0.45	2.0	0.08	6.0	13.0	0.99774	3.22	0.76	11.4	1
692	7.5	0.41	0.15	3.7	0.104	29.0	94.0	0.99786	3.14	0.58	9.1	1
693	8.2	0.51	0.24	2.0	0.079	16.0	86.0	0.99764	3.34	0.64	9.5	1
694	7.3	0.4	0.3	1.7	0.08	33.0	79.0	0.9969	3.41	0.65	9.5	1
695	8.2	0.38	0.32	2.5	0.08	24.0	71.0	0.99624	3.27	0.85	11.0	1
696	6.9	0.45	0.11	2.4	0.043	6.0	12.0	0.99354	3.3	0.65	11.4	1
697	7.0	0.22	0.3	1.8	0.065	16.0	20.0	0.99672	3.61	0.82	10.0	1
698	7.3	0.32	0.23	2.3	0.066	35.0	70.0	0.99588	3.43	0.62	10.1	1
699	8.2	0.2	0.43	2.5	0.076	31.0	51.0	0.99672	3.53	0.81	10.4	1
700	7.8	0.5	0.12	1.8	0.178	6.0	21.0	0.996	3.28	0.87	9.8	1
701	7.8	0.39	0.42	2.0	0.086	9.0	21.0	0.99526	3.39	0.66	11.6	1
702	10.0	0.35	0.47	2.0	0.061	6.0	11.0	0.99585	3.23	0.52	12.0	1
703	6.1	0.58	0.23	2.5	0.044	16.0	70.0	0.99352	3.46	0.65	12.5	1
704	8.3	0.6	0.25	2.2	0.118	9.0	38.0	0.99616	3.15	0.53	9.8	1
705	9.6	0.42	0.35	2.1	0.083	17.0	38.0	0.99622	3.23	0.66	11.1	1
706	6.6	0.58	0.0	2.2	0.1	50.0	63.0	0.99544	3.59	0.68	11.4	1
707	8.3	0.6	0.25	2.2	0.118	9.0	38.0	0.99616	3.15	0.53	9.8	1
708	6.7	0.41	0.43	2.8	0.076	22.0	54.0	0.99572	3.42	1.16	10.6	1
709	10.2	0.41	0.43	2.2	0.11	11.0	37.0	0.99728	3.16	0.67	10.8	1
710	8.8	0.45	0.43	1.4	0.076	12.0	21.0	0.99551	3.21	0.75	10.2	1
711	9.0	0.785	0.24	1.7	0.078	10.0	21.0	0.99692	3.29	0.67	10.0	1
712	9.0	0.785	0.24	1.7	0.078	10.0	21.0	0.99692	3.29	0.67	10.0	1
713	8.5	0.44	0.5	1.9	0.369	15.0	38.0	0.99634	3.01	1.1	9.4	1
714	9.9	0.54	0.26	2.0	0.111	7.0	60.0	0.99709	2.94	0.98	10.2	1
715	6.5	0.34	0.27	2.8	0.067	8.0	44.0	0.99384	3.21	0.56	12.0	1
716	7.6	0.5	0.29	2.3	0.086	5.0	14.0	0.99502	3.32	0.62	11.5	1
717	9.2	0.36	0.34	1.6	0.062	5.0	12.0	0.99667	3.2	0.67	10.5	1
718	7.1	0.59	0.0	2.2	0.078	26.0	44.0	0.99522	3.42	0.68	10.8	1
719	9.7	0.42	0.46	2.1	0.074	5.0	16.0	0.99649	3.27	0.74	12.3	1
720	7.6	0.36	0.31	1.7	0.079	26.0	65.0	0.99716	3.46	0.62	9.5	1
721	7.6	0.36	0.31	1.7	0.079	26.0	65.0	0.99716	3.46	0.62	9.5	1
722	6.5	0.61	0.0	2.2	0.095	48.0	59.0	0.99541	3.61	0.7	11.5	1
723	5.6	0.915	0.0	2.1	0.041	17.0	78.0	0.99346	3.68	0.73	11.4	1
724	8.2	0.35	0.33	2.4	0.076	11.0	47.0	0.99599	3.27	0.81	11.0	1
725	8.2	0.35	0.33	2.4	0.076	11.0	47.0	0.99599	3.27	0.81	11.0	1
726	9.8	0.39	0.43	1.65	0.068	5.0	11.0	0.99478	3.19	0.46	11.4	1
727	10.2	0.4	0.4	2.5	0.068	41.0	54.0	0.99754	3.38	0.86	10.5	1
728	6.8	0.66	0.07	1.6	0.07	16.0	61.0	0.99572	3.29	0.6	9.3	1
729	6.7	0.64	0.23	2.1	0.08	11.0	119.0	0.99538	3.36	0.7	10.9	1
730	7.0	0.43	0.3	2.0	0.085	6.0	39.0	0.99346	3.33	0.46	11.9	1
731	6.6	0.8	0.03	7.8	0.079	6.0	12.0	0.9963	3.52	0.5	12.2	1
732	7.0	0.43	0.3	2.0	0.085	6.0	39.0	0.99346	3.33	0.46	11.9	1
733	6.7	0.64	0.23	2.1	0.08	11.0	119.0	0.99538	3.36	0.7	10.9	1
734	9.1	0.4	0.57	4.6	0.08	6.0	20.0	0.99652	3.28	0.57	12.5	1
735	6.5	0.885	0.0	2.3	0.166	6.0	12.0	0.99551	3.56	0.51	10.8	1
736	6.4	0.885	0.0	2.3	0.166	6.0	12.0	0.99551	3.56	0.51	10.8	1
737	7.0	0.745	0.12	1.8	0.114	15.0	64.0	0.99588	3.22	0.59	9.5	1
738	6.2	0.43	0.22	1.8	0.078	21.0	56.0	0.99633	3.52	0.6	9.5	1
739	7.9	0.58	0.23	2.3	0.076	23.0	94.0	0.99686	3.21	0.58	9.5	1
740	7.7	0.57	0.21	1.5	0.069	4.0	9.0	0.99458	3.16	0.54	9.8	1
741	7.7	0.26	0.26	2.0	0.052	19.0	77.0	0.9951	3.15	0.79	10.9	1
742	7.9	0.58	0.23	2.3	0.076	23.0	94.0	0.99686	3.21	0.58	9.5	1
743	7.7	0.57	0.21	1.5	0.069	4.0	9.0	0.99458	3.16	0.54	9.8	1
744	9.9	0.74	0.19	5.8	0.111	33.0	76.0	0.99878	3.14	0.55	9.4	1
745	9.9	0.72	0.55	1.7	0.136	24.0	52.0	0.99752	3.35	0.94	10.0	1
746	6.8	0.65	0.02	2.1	0.078	8.0	15.0	0.99498	3.35	0.62	10.4	1
747	6.6	0.44	0.15	2.1	0.076	22.0	53.0	0.9957	3.32	0.62	9.3	1
748	6.8	0.65	0.02	2.1	0.078	8.0	15.0	0.99498	3.35	0.62	10.4	1
749	9.6	0.38	0.42	1.9	0.071	5.0	13.0	0.99659	3.15	0.75	10.5	1
750	10.2	0.33	0.46	1.9	0.081	6.0	9.0	0.99628	3.1	0.48	10.4	1
751	8.8	0.27	0.46	2.1	0.095	20.0	29.0	0.99488	3.26	0.56	11.3	1
752	7.9	0.57	0.31	2.0	0.079	10.0	79.0	0.99677	3.29	0.69	9.5	1
753	8.2	0.34	0.37	1.9	0.057	43.0	74.0	0.99408	3.23	0.81	12.0	1
754	8.2	0.4	0.31	1.9	0.082	8.0	24.0	0.996	3.24	0.69	10.6	1
755	9.0	0.39	0.4	1.3	0.044	25.0	50.0	0.99478	3.2	0.83	10.9	1
756	10.9	0.32	0.52	1.8	0.132	17.0	44.0	0.99734	3.28	0.77	11.5	1
757	10.9	0.32	0.52	1.8	0.132	17.0	44.0	0.99734	3.28	0.77	11.5	1
758	8.1	0.53	0.22	2.2	0.078	33.0	89.0	0.99678	3.26	0.46	9.6	1
759	10.5	0.36	0.47	2.2	0.074	9.0	23.0	0.99638	3.23	0.76	12.0	1
760	12.6	0.39	0.49	2.5	0.08	8.0	20.0	0.9992	3.07	0.82	10.3	1
761	9.2	0.46	0.23	2.6	0.091	18.0	77.0	0.99922	3.15	0.51	9.4	1
762	7.5	0.58	0.03	4.1	0.08	27.0	46.0	0.99592	3.02	0.47	9.2	1
763	9.0	0.58	0.25	2.0	0.104	8.0	21.0	0.99769	3.27	0.72	9.6	1
764	7.6	0.43	0.29	2.1	0.075	19.0	66.0	0.99718	3.4	0.64	9.5	1
765	7.7	0.18	0.34	2.7	0.066	15.0	58.0	0.9947	3.37	0.78	11.8	1
766	7.8	0.815	0.01	2.6	0.074	48.0	90.0	0.99621	3.38	0.62	10.8	1
767	7.6	0.43	0.29	2.1	0.075	19.0	66.0	0.99718	3.4	0.64	9.5	1
768	7.1	0.75	0.01	2.2	0.059	11.0	18.0	0.99242	3.39	0.4	12.8	1
769	7.8	0.55	0.0	1.7	0.07	7.0	17.0	0.99659	3.26	0.64	9.4	1
770	7.1	0.75	0.01	2.2	0.059	11.0	18.0	0.99242	3.39	0.4	12.8	1
771	7.5	0.61	0.2	1.7	0.076	36.0	60.0	0.99494	3.1	0.4	9.3	1
772	9.8	0.37	0.39	2.5	0.079	28.0	65.0	0.99729	3.16	0.59	9.8	1
773	9.0	0.4	0.41	2.0	0.058	15.0	40.0	0.99414	3.22	0.6	12.2	1
774	8.3	0.56	0.22	2.4	0.082	10.0	86.0	0.9983	3.37	0.62	9.5	1
775	5.9	0.29	0.25	13.4	0.067	72.0	160.0	0.99721	3.33	0.54	10.3	1
776	7.4	0.55	0.19	1.8	0.082	15.0	34.0	0.99655	3.49	0.68	10.5	1
777	7.4	0.74	0.07	1.7	0.086	15.0	48.0	0.99502	3.12	0.48	10.0	1
778	7.4	0.55	0.19	1.8	0.082	15.0	34.0	0.99655	3.49	0.68	10.5	1
779	6.9	0.41	0.33	2.2	0.081	22.0	36.0	0.9949	3.41	0.75	11.1	1
780	7.1	0.6	0.01	2.3	0.079	24.0	37.0	0.99514	3.4	0.61	10.9	1
781	7.1	0.6	0.01	2.3	0.079	24.0	37.0	0.99514	3.4	0.61	10.9	1
782	7.5	0.58	0.14	2.2	0.077	27.0	60.0	0.9963	3.28	0.59	9.8	1
783	7.1	0.72	0.0	1.8	0.123	6.0	14.0	0.99627	3.45	0.58	9.8	1
784	7.9	0.66	0.0	1.4	0.096	6.0	13.0	0.99569	3.43	0.58	9.5	1
785	7.8	0.7	0.06	1.9	0.079	20.0	35.0	0.99628	3.4	0.69	10.9	1
786	6.1	0.64	0.02	2.4	0.069	26.0	46.0	0.99358	3.47	0.45	11.0	1
787	7.5	0.59	0.22	1.8	0.082	43.0	60.0	0.99499	3.1	0.42	9.2	1
788	7.0	0.58	0.28	4.8	0.085	12.0	69.0	0.99633	3.32	0.7	11.0	1
789	6.8	0.64	0.0	2.7	0.123	15.0	33.0	0.99538	3.44	0.63	11.3	1
790	6.8	0.64	0.0	2.7	0.123	15.0	33.0	0.99538	3.44	0.63	11.3	1
791	8.6	0.635	0.68	1.8	0.403	19.0	56.0	0.99632	3.02	1.15	9.3	1
792	9.8	0.45	0.38	2.5	0.081	34.0	66.0	0.99726	3.15	0.58	9.8	1
793	8.5	0.37	0.32	1.8	0.066	26.0	51.0	0.99456	3.38	0.72	11.8	1
794	7.2	0.57	0.05	2.3	0.081	16.0	36.0	0.99564	3.38	0.6	10.3	1
795	7.2	0.57	0.05	2.3	0.081	16.0	36.0	0.99564	3.38	0.6	10.3	1
796	10.4	0.43	0.5	2.3	0.068	13.0	19.0	0.996	3.1	0.87	11.4	1
797	6.9	0.41	0.31	2.0	0.079	21.0	51.0	0.99668	3.47	0.55	9.5	1
798	5.0	0.38	0.01	1.6	0.048	26.0	60.0	0.99084	3.7	0.75	14.0	1
799	7.3	0.44	0.2	1.6	0.049	24.0	64.0	0.9935	3.38	0.57	11.7	1
800	5.9	0.46	0.0	1.9	0.077	25.0	44.0	0.99385	3.5	0.53	11.2	1
801	7.5	0.58	0.2	2.0	0.073	34.0	44.0	0.99494	3.1	0.43	9.3	1
802	7.8	0.58	0.13	2.1	0.102	17.0	36.0	0.9944	3.24	0.53	11.2	1
803	8.0	0.715	0.22	2.3	0.075	13.0	81.0	0.99688	3.24	0.54	9.5	1
804	7.0	0.69	0.0	1.9	0.114	3.0	10.0	0.99636	3.35	0.6	9.7	1
805	8.0	0.715	0.22	2.3	0.075	13.0	81.0	0.99688	3.24	0.54	9.5	1
806	7.1	0.46	0.2	1.9	0.077	28.0	54.0	0.9956	3.37	0.64	10.4	1
807	7.1	0.46	0.2	1.9	0.077	28.0	54.0	0.9956	3.37	0.64	10.4	1
808	7.9	0.765	0.0	2.0	0.084	9.0	22.0	0.99619	3.33	0.68	10.9	1
809	8.7	0.63	0.28	2.7	0.096	17.0	69.0	0.99734	3.26	0.63	10.2	1
810	7.0	0.42	0.19	2.3	0.071	18.0	36.0	0.99476	3.39	0.56	10.9	1
811	11.3	0.37	0.5	1.8	0.09	20.0	47.0	0.99734	3.15	0.57	10.5	1
812	7.1	0.16	0.44	2.5	0.068	17.0	31.0	0.99328	3.35	0.54	12.4	1
813	8.0	0.6	0.08	2.6	0.056	3.0	7.0	0.99286	3.22	0.37	13.0	1
814	7.0	0.6	0.3	4.5	0.068	20.0	110.0	0.99914	3.3	1.17	10.2	1
815	7.0	0.6	0.3	4.5	0.068	20.0	110.0	0.99914	3.3	1.17	10.2	1
816	7.6	0.74	0.0	1.9	0.1	6.0	12.0	0.99521	3.36	0.59	11.0	1
817	8.2	0.635	0.1	2.1	0.073	25.0	60.0	0.99638	3.29	0.75	10.9	1
818	5.9	0.395	0.13	2.4	0.056	14.0	28.0	0.99362	3.62	0.67	12.4	1
819	8.2	0.635	0.1	2.1	0.073	25.0	60.0	0.99638	3.29	0.75	10.9	1
820	6.6	0.63	0.0	4.3	0.093	51.0	77.5	0.99558	3.2	0.45	9.5	1
821	6.6	0.63	0.0	4.3	0.093	51.0	77.5	0.99558	3.2	0.45	9.5	1
822	8.2	0.78	0.0	2.2	0.089	13.0	26.0	0.9978	3.37	0.46	9.6	0
823	8.5	0.4	0.4	6.3	0.05	3.0	10.0	0.99566	3.28	0.56	12.0	0
824	7.5	0.755	0.0	1.9	0.084	6.0	12.0	0.99672	3.34	0.49	9.7	0
825	7.6	1.58	0.0	2.1	0.137	5.0	9.0	0.99476	3.5	0.4	10.9	0
826	6.8	0.68	0.09	3.9	0.068	15.0	29.0	0.99524	3.41	0.52	11.1	0
827	8.0	0.83	0.27	2.0	0.08	11.0	63.0	0.99652	3.29	0.48	9.8	0
828	10.4	0.52	0.45	2.0	0.08	6.0	13.0	0.99774	3.22	0.76	11.4	1
829	10.4	0.52	0.45	2.0	0.08	6.0	13.0	0.99774	3.22	0.76	11.4	1
830	7.5	0.41	0.15	3.7	0.104	29.0	94.0	0.99786	3.14	0.58	9.1	1
831	8.2	0.51	0.24	2.0	0.079	16.0	86.0	0.99764	3.34	0.64	9.5	1
832	7.3	0.4	0.3	1.7	0.08	33.0	79.0	0.9969	3.41	0.65	9.5	1
833	8.2	0.38	0.32	2.5	0.08	24.0	71.0	0.99624	3.27	0.85	11.0	1
834	6.9	0.45	0.11	2.4	0.043	6.0	12.0	0.99354	3.3	0.65	11.4	1
835	7.0	0.22	0.3	1.8	0.065	16.0	20.0	0.99672	3.61	0.82	10.0	1
836	7.3	0.32	0.23	2.3	0.066	35.0	70.0	0.99588	3.43	0.62	10.1	1
837	8.2	0.2	0.43	2.5	0.076	31.0	51.0	0.99672	3.53	0.81	10.4	1
838	7.8	0.5	0.12	1.8	0.178	6.0	21.0	0.996	3.28	0.87	9.8	1
839	7.8	0.39	0.42	2.0	0.086	9.0	21.0	0.99526	3.39	0.66	11.6	1
840	10.0	0.35	0.47	2.0	0.061	6.0	11.0	0.99585	3.23	0.52	12.0	1
841	6.1	0.58	0.23	2.5	0.044	16.0	70.0	0.99352	3.46	0.65	12.5	1
842	8.3	0.6	0.25	2.2	0.118	9.0	38.0	0.99616	3.15	0.53	9.8	1
843	9.6	0.42	0.35	2.1	0.083	17.0	38.0	0.99622	3.23	0.66	11.1	1
844	6.6	0.58	0.0	2.2	0.1	50.0	63.0	0.99544	3.59	0.68	11.4	1
845	8.3	0.6	0.25	2.2	0.118	9.0	38.0	0.99616	3.15	0.53	9.8	1
846	6.7	0.41	0.43	2.8	0.076	22.0	54.0	0.99572	3.42	1.16	10.6	1
847	10.2	0.41	0.43	2.2	0.11	11.0	37.0	0.99728	3.16	0.67	10.8	1
848	8.8	0.45	0.43	1.4	0.076	12.0	21.0	0.99551	3.21	0.75	10.2	1
849	9.0	0.785	0.24	1.7	0.078	10.0	21.0	0.99692	3.29	0.67	10.0	1
850	9.0	0.785	0.24	1.7	0.078	10.0	21.0	0.99692	3.29	0.67	10.0	1
851	8.5	0.44	0.5	1.9	0.369	15.0	38.0	0.99634	3.01	1.1	9.4	1
852	9.9	0.54	0.26	2.0	0.111	7.0	60.0	0.99709	2.94	0.98	10.2	1
853	6.5	0.34	0.27	2.8	0.067	8.0	44.0	0.99384	3.21	0.56	12.0	1
854	7.6	0.5	0.29	2.3	0.086	5.0	14.0	0.99502	3.32	0.62	11.5	1
855	9.2	0.36	0.34	1.6	0.062	5.0	12.0	0.99667	3.2	0.67	10.5	1
856	7.1	0.59	0.0	2.2	0.078	26.0	44.0	0.99522	3.42	0.68	10.8	1
857	9.7	0.42	0.46	2.1	0.074	5.0	16.0	0.99649	3.27	0.74	12.3	1
858	7.6	0.36	0.31	1.7	0.079	26.0	65.0	0.99716	3.46	0.62	9.5	1
859	7.6	0.36	0.31	1.7	0.079	26.0	65.0	0.99716	3.46	0.62	9.5	1
860	6.5	0.61	0.0	2.2	0.095	48.0	59.0	0.99541	3.61	0.7	11.5	1
861	5.6	0.915	0.0	2.1	0.041	17.0	78.0	0.99346	3.68	0.73	11.4	1
862	8.2	0.35	0.33	2.4	0.076	11.0	47.0	0.99599	3.27	0.81	11.0	1
863	8.2	0.35	0.33	2.4	0.076	11.0	47.0	0.99599	3.27	0.81	11.0	1
864	9.8	0.39	0.43	1.65	0.068	5.0	11.0	0.99478	3.19	0.46	11.4	1
865	10.2	0.4	0.4	2.5	0.068	41.0	54.0	0.99754	3.38	0.86	10.5	1
866	6.8	0.66	0.07	1.6	0.07	16.0	61.0	0.99572	3.29	0.6	9.3	1
867	6.7	0.64	0.23	2.1	0.08	11.0	119.0	0.99538	3.36	0.7	10.9	1
868	7.0	0.43	0.3	2.0	0.085	6.0	39.0	0.99346	3.33	0.46	11.9	1
869	6.6	0.8	0.03	7.8	0.079	6.0	12.0	0.9963	3.52	0.5	12.2	1
870	7.0	0.43	0.3	2.0	0.085	6.0	39.0	0.99346	3.33	0.46	11.9	1
871	6.7	0.64	0.23	2.1	0.08	11.0	119.0	0.99538	3.36	0.7	10.9	1
872	9.1	0.4	0.57	4.6	0.08	6.0	20.0	0.99652	3.28	0.57	12.5	1
873	6.5	0.885	0.0	2.3	0.166	6.0	12.0	0.99551	3.56	0.51	10.8	1
874	6.4	0.885	0.0	2.3	0.166	6.0	12.0	0.99551	3.56	0.51	10.8	1
875	7.0	0.745	0.12	1.8	0.114	15.0	64.0	0.99588	3.22	0.59	9.5	1
876	6.2	0.43	0.22	1.8	0.078	21.0	56.0	0.99633	3.52	0.6	9.5	1
877	7.9	0.58	0.23	2.3	0.076	23.0	94.0	0.99686	3.21	0.58	9.5	1
878	7.7	0.57	0.21	1.5	0.069	4.0	9.0	0.99458	3.16	0.54	9.8	1
879	7.7	0.26	0.26	2.0	0.052	19.0	77.0	0.9951	3.15	0.79	10.9	1
880	7.9	0.58	0.23	2.3	0.076	23.0	94.0	0.99686	3.21	0.58	9.5	1
881	7.7	0.57	0.21	1.5	0.069	4.0	9.0	0.99458	3.16	0.54	9.8	1
882	9.9	0.74	0.19	5.8	0.111	33.0	76.0	0.99878	3.14	0.55	9.4	1
883	9.9	0.72	0.55	1.7	0.136	24.0	52.0	0.99752	3.35	0.94	10.0	1
884	6.8	0.65	0.02	2.1	0.078	8.0	15.0	0.99498	3.35	0.62	10.4	1
885	6.6	0.44	0.15	2.1	0.076	22.0	53.0	0.9957	3.32	0.62	9.3	1
886	6.8	0.65	0.02	2.1	0.078	8.0	15.0	0.99498	3.35	0.62	10.4	1
887	9.6	0.38	0.42	1.9	0.071	5.0	13.0	0.99659	3.15	0.75	10.5	1
888	10.2	0.33	0.46	1.9	0.081	6.0	9.0	0.99628	3.1	0.48	10.4	1
889	8.8	0.27	0.46	2.1	0.095	20.0	29.0	0.99488	3.26	0.56	11.3	1
890	7.9	0.57	0.31	2.0	0.079	10.0	79.0	0.99677	3.29	0.69	9.5	1
891	8.2	0.34	0.37	1.9	0.057	43.0	74.0	0.99408	3.23	0.81	12.0	1
892	8.2	0.4	0.31	1.9	0.082	8.0	24.0	0.996	3.24	0.69	10.6	1
893	9.0	0.39	0.4	1.3	0.044	25.0	50.0	0.99478	3.2	0.83	10.9	1
894	10.9	0.32	0.52	1.8	0.132	17.0	44.0	0.99734	3.28	0.77	11.5	1
895	10.9	0.32	0.52	1.8	0.132	17.0	44.0	0.99734	3.28	0.77	11.5	1
896	8.1	0.53	0.22	2.2	0.078	33.0	89.0	0.99678	3.26	0.46	9.6	1
897	10.5	0.36	0.47	2.2	0.074	9.0	23.0	0.99638	3.23	0.76	12.0	1
898	12.6	0.39	0.49	2.5	0.08	8.0	20.0	0.9992	3.07	0.82	10.3	1
899	9.2	0.46	0.23	2.6	0.091	18.0	77.0	0.99922	3.15	0.51	9.4	1
900	7.5	0.58	0.03	4.1	0.08	27.0	46.0	0.99592	3.02	0.47	9.2	1
901	9.0	0.58	0.25	2.0	0.104	8.0	21.0	0.99769	3.27	0.72	9.6	1
902	7.6	0.43	0.29	2.1	0.075	19.0	66.0	0.99718	3.4	0.64	9.5	1
903	7.7	0.18	0.34	2.7	0.066	15.0	58.0	0.9947	3.37	0.78	11.8	1
904	7.8	0.815	0.01	2.6	0.074	48.0	90.0	0.99621	3.38	0.62	10.8	1
905	7.6	0.43	0.29	2.1	0.075	19.0	66.0	0.99718	3.4	0.64	9.5	1
906	7.1	0.75	0.01	2.2	0.059	11.0	18.0	0.99242	3.39	0.4	12.8	1
907	7.8	0.55	0.0	1.7	0.07	7.0	17.0	0.99659	3.26	0.64	9.4	1
908	7.1	0.75	0.01	2.2	0.059	11.0	18.0	0.99242	3.39	0.4	12.8	1
909	7.5	0.61	0.2	1.7	0.076	36.0	60.0	0.99494	3.1	0.4	9.3	1
910	9.8	0.37	0.39	2.5	0.079	28.0	65.0	0.99729	3.16	0.59	9.8	1
911	9.0	0.4	0.41	2.0	0.058	15.0	40.0	0.99414	3.22	0.6	12.2	1
912	8.3	0.56	0.22	2.4	0.082	10.0	86.0	0.9983	3.37	0.62	9.5	1
913	5.9	0.29	0.25	13.4	0.067	72.0	160.0	0.99721	3.33	0.54	10.3	1
914	7.4	0.55	0.19	1.8	0.082	15.0	34.0	0.99655	3.49	0.68	10.5	1
915	7.4	0.74	0.07	1.7	0.086	15.0	48.0	0.99502	3.12	0.48	10.0	1
916	7.4	0.55	0.19	1.8	0.082	15.0	34.0	0.99655	3.49	0.68	10.5	1
917	6.9	0.41	0.33	2.2	0.081	22.0	36.0	0.9949	3.41	0.75	11.1	1
918	7.1	0.6	0.01	2.3	0.079	24.0	37.0	0.99514	3.4	0.61	10.9	1
919	7.1	0.6	0.01	2.3	0.079	24.0	37.0	0.99514	3.4	0.61	10.9	1
920	7.5	0.58	0.14	2.2	0.077	27.0	60.0	0.9963	3.28	0.59	9.8	1
921	7.1	0.72	0.0	1.8	0.123	6.0	14.0	0.99627	3.45	0.58	9.8	1
922	7.9	0.66	0.0	1.4	0.096	6.0	13.0	0.99569	3.43	0.58	9.5	1
923	7.8	0.7	0.06	1.9	0.079	20.0	35.0	0.99628	3.4	0.69	10.9	1
924	6.1	0.64	0.02	2.4	0.069	26.0	46.0	0.99358	3.47	0.45	11.0	1
925	7.5	0.59	0.22	1.8	0.082	43.0	60.0	0.99499	3.1	0.42	9.2	1
926	7.0	0.58	0.28	4.8	0.085	12.0	69.0	0.99633	3.32	0.7	11.0	1
927	6.8	0.64	0.0	2.7	0.123	15.0	33.0	0.99538	3.44	0.63	11.3	1
928	6.8	0.64	0.0	2.7	0.123	15.0	33.0	0.99538	3.44	0.63	11.3	1
929	8.6	0.635	0.68	1.8	0.403	19.0	56.0	0.99632	3.02	1.15	9.3	1
930	9.8	0.45	0.38	2.5	0.081	34.0	66.0	0.99726	3.15	0.58	9.8	1
931	8.5	0.37	0.32	1.8	0.066	26.0	51.0	0.99456	3.38	0.72	11.8	1
932	7.2	0.57	0.05	2.3	0.081	16.0	36.0	0.99564	3.38	0.6	10.3	1
933	7.2	0.57	0.05	2.3	0.081	16.0	36.0	0.99564	3.38	0.6	10.3	1
934	10.4	0.43	0.5	2.3	0.068	13.0	19.0	0.996	3.1	0.87	11.4	1
935	6.9	0.41	0.31	2.0	0.079	21.0	51.0	0.99668	3.47	0.55	9.5	1
936	5.0	0.38	0.01	1.6	0.048	26.0	60.0	0.99084	3.7	0.75	14.0	1
937	7.3	0.44	0.2	1.6	0.049	24.0	64.0	0.9935	3.38	0.57	11.7	1
938	5.9	0.46	0.0	1.9	0.077	25.0	44.0	0.99385	3.5	0.53	11.2	1
939	7.5	0.58	0.2	2.0	0.073	34.0	44.0	0.99494	3.1	0.43	9.3	1
940	7.8	0.58	0.13	2.1	0.102	17.0	36.0	0.9944	3.24	0.53	11.2	1
941	8.0	0.715	0.22	2.3	0.075	13.0	81.0	0.99688	3.24	0.54	9.5	1
942	7.0	0.69	0.0	1.9	0.114	3.0	10.0	0.99636	3.35	0.6	9.7	1
943	8.0	0.715	0.22	2.3	0.075	13.0	81.0	0.99688	3.24	0.54	9.5	1
944	7.1	0.46	0.2	1.9	0.077	28.0	54.0	0.9956	3.37	0.64	10.4	1
945	7.1	0.46	0.2	1.9	0.077	28.0	54.0	0.9956	3.37	0.64	10.4	1
946	7.9	0.765	0.0	2.0	0.084	9.0	22.0	0.99619	3.33	0.68	10.9	1
947	8.7	0.63	0.28	2.7	0.096	17.0	69.0	0.99734	3.26	0.63	10.2	1
948	7.0	0.42	0.19	2.3	0.071	18.0	36.0	0.99476	3.39	0.56	10.9	1
949	11.3	0.37	0.5	1.8	0.09	20.0	47.0	0.99734	3.15	0.57	10.5	1
950	7.1	0.16	0.44	2.5	0.068	17.0	31.0	0.99328	3.35	0.54	12.4	1
951	8.0	0.6	0.08	2.6	0.056	3.0	7.0	0.99286	3.22	0.37	13.0	1
952	7.0	0.6	0.3	4.5	0.068	20.0	110.0	0.99914	3.3	1.17	10.2	1
953	7.0	0.6	0.3	4.5	0.068	20.0	110.0	0.99914	3.3	1.17	10.2	1
954	7.6	0.74	0.0	1.9	0.1	6.0	12.0	0.99521	3.36	0.59	11.0	1
955	8.2	0.635	0.1	2.1	0.073	25.0	60.0	0.99638	3.29	0.75	10.9	1
956	5.9	0.395	0.13	2.4	0.056	14.0	28.0	0.99362	3.62	0.67	12.4	1
957	8.2	0.635	0.1	2.1	0.073	25.0	60.0	0.99638	3.29	0.75	10.9	1
958	6.6	0.63	0.0	4.3	0.093	51.0	77.5	0.99558	3.2	0.45	9.5	1
959	6.6	0.63	0.0	4.3	0.093	51.0	77.5	0.99558	3.2	0.45	9.5	1
960	8.2	0.78	0.0	2.2	0.089	13.0	26.0	0.9978	3.37	0.46	9.6	0
961	8.5	0.4	0.4	6.3	0.05	3.0	10.0	0.99566	3.28	0.56	12.0	0
962	7.5	0.755	0.0	1.9	0.084	6.0	12.0	0.99672	3.34	0.49	9.7	0
963	7.6	1.58	0.0	2.1	0.137	5.0	9.0	0.99476	3.5	0.4	10.9	0
964	6.8	0.68	0.09	3.9	0.068	15.0	29.0	0.99524	3.41	0.52	11.1	0
965	8.0	0.83	0.27	2.0	0.08	11.0	63.0	0.99652	3.29	0.48	9.8	0
966	10.4	0.52	0.45	2.0	0.08	6.0	13.0	0.99774	3.22	0.76	11.4	1
967	10.4	0.52	0.45	2.0	0.08	6.0	13.0	0.99774	3.22	0.76	11.4	1
968	7.5	0.41	0.15	3.7	0.104	29.0	94.0	0.99786	3.14	0.58	9.1	1
969	8.2	0.51	0.24	2.0	0.079	16.0	86.0	0.99764	3.34	0.64	9.5	1
970	7.3	0.4	0.3	1.7	0.08	33.0	79.0	0.9969	3.41	0.65	9.5	1
971	8.2	0.38	0.32	2.5	0.08	24.0	71.0	0.99624	3.27	0.85	11.0	1
972	6.9	0.45	0.11	2.4	0.043	6.0	12.0	0.99354	3.3	0.65	11.4	1
973	7.0	0.22	0.3	1.8	0.065	16.0	20.0	0.99672	3.61	0.82	10.0	1
974	7.3	0.32	0.23	2.3	0.066	35.0	70.0	0.99588	3.43	0.62	10.1	1
975	8.2	0.2	0.43	2.5	0.076	31.0	51.0	0.99672	3.53	0.81	10.4	1
976	7.8	0.5	0.12	1.8	0.178	6.0	21.0	0.996	3.28	0.87	9.8	1
977	7.8	0.39	0.42	2.0	0.086	9.0	21.0	0.99526	3.39	0.66	11.6	1
978	10.0	0.35	0.47	2.0	0.061	6.0	11.0	0.99585	3.23	0.52	12.0	1
979	6.1	0.58	0.23	2.5	0.044	16.0	70.0	0.99352	3.46	0.65	12.5	1
980	8.3	0.6	0.25	2.2	0.118	9.0	38.0	0.99616	3.15	0.53	9.8	1
981	9.6	0.42	0.35	2.1	0.083	17.0	38.0	0.99622	3.23	0.66	11.1	1
982	6.6	0.58	0.0	2.2	0.1	50.0	63.0	0.99544	3.59	0.68	11.4	1
983	8.3	0.6	0.25	2.2	0.118	9.0	38.0	0.99616	3.15	0.53	9.8	1
984	6.7	0.41	0.43	2.8	0.076	22.0	54.0	0.99572	3.42	1.16	10.6	1
985	10.2	0.41	0.43	2.2	0.11	11.0	37.0	0.99728	3.16	0.67	10.8	1
986	8.8	0.45	0.43	1.4	0.076	12.0	21.0	0.99551	3.21	0.75	10.2	1
987	9.0	0.785	0.24	1.7	0.078	10.0	21.0	0.99692	3.29	0.67	10.0	1
988	9.0	0.785	0.24	1.7	0.078	10.0	21.0	0.99692	3.29	0.67	10.0	1
989	8.5	0.44	0.5	1.9	0.369	15.0	38.0	0.99634	3.01	1.1	9.4	1
990	9.9	0.54	0.26	2.0	0.111	7.0	60.0	0.99709	2.94	0.98	10.2	1
991	6.5	0.34	0.27	2.8	0.067	8.0	44.0	0.99384	3.21	0.56	12.0	1
992	7.6	0.5	0.29	2.3	0.086	5.0	14.0	0.99502	3.32	0.62	11.5	1
993	9.2	0.36	0.34	1.6	0.062	5.0	12.0	0.99667	3.2	0.67	10.5	1
994	7.1	0.59	0.0	2.2	0.078	26.0	44.0	0.99522	3.42	0.68	10.8	1
995	9.7	0.42	0.46	2.1	0.074	5.0	16.0	0.99649	3.27	0.74	12.3	1
996	7.6	0.36	0.31	1.7	0.079	26.0	65.0	0.99716	3.46	0.62	9.5	1
997	7.6	0.36	0.31	1.7	0.079	26.0	65.0	0.99716	3.46	0.62	9.5	1
998	6.5	0.61	0.0	2.2	0.095	48.0	59.0	0.99541	3.61	0.7	11.5	1
999	5.6	0.915	0.0	2.1	0.041	17.0	78.0	0.99346	3.68	0.73	11.4	1
1000	8.2	0.35	0.33	2.4	0.076	11.0	47.0	0.99599	3.27	0.81	11.0	1
1001	8.2	0.35	0.33	2.4	0.076	11.0	47.0	0.99599	3.27	0.81	11.0	1
1002	9.8	0.39	0.43	1.65	0.068	5.0	11.0	0.99478	3.19	0.46	11.4	1
1003	10.2	0.4	0.4	2.5	0.068	41.0	54.0	0.99754	3.38	0.86	10.5	1
1004	6.8	0.66	0.07	1.6	0.07	16.0	61.0	0.99572	3.29	0.6	9.3	1
1005	6.7	0.64	0.23	2.1	0.08	11.0	119.0	0.99538	3.36	0.7	10.9	1
1006	7.0	0.43	0.3	2.0	0.085	6.0	39.0	0.99346	3.33	0.46	11.9	1
1007	6.6	0.8	0.03	7.8	0.079	6.0	12.0	0.9963	3.52	0.5	12.2	1
1008	7.0	0.43	0.3	2.0	0.085	6.0	39.0	0.99346	3.33	0.46	11.9	1
1009	6.7	0.64	0.23	2.1	0.08	11.0	119.0	0.99538	3.36	0.7	10.9	1
1010	9.1	0.4	0.57	4.6	0.08	6.0	20.0	0.99652	3.28	0.57	12.5	1
1011	6.5	0.885	0.0	2.3	0.166	6.0	12.0	0.99551	3.56	0.51	10.8	1
1012	6.4	0.885	0.0	2.3	0.166	6.0	12.0	0.99551	3.56	0.51	10.8	1
1013	7.0	0.745	0.12	1.8	0.114	15.0	64.0	0.99588	3.22	0.59	9.5	1
1014	6.2	0.43	0.22	1.8	0.078	21.0	56.0	0.99633	3.52	0.6	9.5	1
1015	7.9	0.58	0.23	2.3	0.076	23.0	94.0	0.99686	3.21	0.58	9.5	1
1016	7.7	0.57	0.21	1.5	0.069	4.0	9.0	0.99458	3.16	0.54	9.8	1
1017	7.7	0.26	0.26	2.0	0.052	19.0	77.0	0.9951	3.15	0.79	10.9	1
1018	7.9	0.58	0.23	2.3	0.076	23.0	94.0	0.99686	3.21	0.58	9.5	1
1019	7.7	0.57	0.21	1.5	0.069	4.0	9.0	0.99458	3.16	0.54	9.8	1
1020	9.9	0.74	0.19	5.8	0.111	33.0	76.0	0.99878	3.14	0.55	9.4	1
1021	9.9	0.72	0.55	1.7	0.136	24.0	52.0	0.99752	3.35	0.94	10.0	1
1022	6.8	0.65	0.02	2.1	0.078	8.0	15.0	0.99498	3.35	0.62	10.4	1
1023	6.6	0.44	0.15	2.1	0.076	22.0	53.0	0.9957	3.32	0.62	9.3	1
1024	6.8	0.65	0.02	2.1	0.078	8.0	15.0	0.99498	3.35	0.62	10.4	1
1025	9.6	0.38	0.42	1.9	0.071	5.0	13.0	0.99659	3.15	0.75	10.5	1
1026	10.2	0.33	0.46	1.9	0.081	6.0	9.0	0.99628	3.1	0.48	10.4	1
1027	8.8	0.27	0.46	2.1	0.095	20.0	29.0	0.99488	3.26	0.56	11.3	1
1028	7.9	0.57	0.31	2.0	0.079	10.0	79.0	0.99677	3.29	0.69	9.5	1
1029	8.2	0.34	0.37	1.9	0.057	43.0	74.0	0.99408	3.23	0.81	12.0	1
1030	8.2	0.4	0.31	1.9	0.082	8.0	24.0	0.996	3.24	0.69	10.6	1
1031	9.0	0.39	0.4	1.3	0.044	25.0	50.0	0.99478	3.2	0.83	10.9	1
1032	10.9	0.32	0.52	1.8	0.132	17.0	44.0	0.99734	3.28	0.77	11.5	1
1033	10.9	0.32	0.52	1.8	0.132	17.0	44.0	0.99734	3.28	0.77	11.5	1
1034	8.1	0.53	0.22	2.2	0.078	33.0	89.0	0.99678	3.26	0.46	9.6	1
1035	10.5	0.36	0.47	2.2	0.074	9.0	23.0	0.99638	3.23	0.76	12.0	1
1036	12.6	0.39	0.49	2.5	0.08	8.0	20.0	0.9992	3.07	0.82	10.3	1
1037	9.2	0.46	0.23	2.6	0.091	18.0	77.0	0.99922	3.15	0.51	9.4	1
1038	7.5	0.58	0.03	4.1	0.08	27.0	46.0	0.99592	3.02	0.47	9.2	1
1039	9.0	0.58	0.25	2.0	0.104	8.0	21.0	0.99769	3.27	0.72	9.6	1
1040	7.6	0.43	0.29	2.1	0.075	19.0	66.0	0.99718	3.4	0.64	9.5	1
1041	7.7	0.18	0.34	2.7	0.066	15.0	58.0	0.9947	3.37	0.78	11.8	1
1042	7.8	0.815	0.01	2.6	0.074	48.0	90.0	0.99621	3.38	0.62	10.8	1
1043	7.6	0.43	0.29	2.1	0.075	19.0	66.0	0.99718	3.4	0.64	9.5	1
1044	7.1	0.75	0.01	2.2	0.059	11.0	18.0	0.99242	3.39	0.4	12.8	1
1045	7.8	0.55	0.0	1.7	0.07	7.0	17.0	0.99659	3.26	0.64	9.4	1
1046	7.1	0.75	0.01	2.2	0.059	11.0	18.0	0.99242	3.39	0.4	12.8	1
1047	7.5	0.61	0.2	1.7	0.076	36.0	60.0	0.99494	3.1	0.4	9.3	1
1048	9.8	0.37	0.39	2.5	0.079	28.0	65.0	0.99729	3.16	0.59	9.8	1
1049	9.0	0.4	0.41	2.0	0.058	15.0	40.0	0.99414	3.22	0.6	12.2	1
1050	8.3	0.56	0.22	2.4	0.082	10.0	86.0	0.9983	3.37	0.62	9.5	1
1051	5.9	0.29	0.25	13.4	0.067	72.0	160.0	0.99721	3.33	0.54	10.3	1
1052	7.4	0.55	0.19	1.8	0.082	15.0	34.0	0.99655	3.49	0.68	10.5	1
1053	7.4	0.74	0.07	1.7	0.086	15.0	48.0	0.99502	3.12	0.48	10.0	1
1054	7.4	0.55	0.19	1.8	0.082	15.0	34.0	0.99655	3.49	0.68	10.5	1
1055	6.9	0.41	0.33	2.2	0.081	22.0	36.0	0.9949	3.41	0.75	11.1	1
1056	7.1	0.6	0.01	2.3	0.079	24.0	37.0	0.99514	3.4	0.61	10.9	1
1057	7.1	0.6	0.01	2.3	0.079	24.0	37.0	0.99514	3.4	0.61	10.9	1
1058	7.5	0.58	0.14	2.2	0.077	27.0	60.0	0.9963	3.28	0.59	9.8	1
1059	7.1	0.72	0.0	1.8	0.123	6.0	14.0	0.99627	3.45	0.58	9.8	1
1060	7.9	0.66	0.0	1.4	0.096	6.0	13.0	0.99569	3.43	0.58	9.5	1
1061	7.8	0.7	0.06	1.9	0.079	20.0	35.0	0.99628	3.4	0.69	10.9	1
1062	6.1	0.64	0.02	2.4	0.069	26.0	46.0	0.99358	3.47	0.45	11.0	1
1063	7.5	0.59	0.22	1.8	0.082	43.0	60.0	0.99499	3.1	0.42	9.2	1
1064	7.0	0.58	0.28	4.8	0.085	12.0	69.0	0.99633	3.32	0.7	11.0	1
1065	6.8	0.64	0.0	2.7	0.123	15.0	33.0	0.99538	3.44	0.63	11.3	1
1066	6.8	0.64	0.0	2.7	0.123	15.0	33.0	0.99538	3.44	0.63	11.3	1
1067	8.6	0.635	0.68	1.8	0.403	19.0	56.0	0.99632	3.02	1.15	9.3	1
1068	9.8	0.45	0.38	2.5	0.081	34.0	66.0	0.99726	3.15	0.58	9.8	1
1069	8.5	0.37	0.32	1.8	0.066	26.0	51.0	0.99456	3.38	0.72	11.8	1
1070	7.2	0.57	0.05	2.3	0.081	16.0	36.0	0.99564	3.38	0.6	10.3	1
1071	7.2	0.57	0.05	2.3	0.081	16.0	36.0	0.99564	3.38	0.6	10.3	1
1072	10.4	0.43	0.5	2.3	0.068	13.0	19.0	0.996	3.1	0.87	11.4	1
1073	6.9	0.41	0.31	2.0	0.079	21.0	51.0	0.99668	3.47	0.55	9.5	1
1074	5.0	0.38	0.01	1.6	0.048	26.0	60.0	0.99084	3.7	0.75	14.0	1
1075	7.3	0.44	0.2	1.6	0.049	24.0	64.0	0.9935	3.38	0.57	11.7	1
1076	5.9	0.46	0.0	1.9	0.077	25.0	44.0	0.99385	3.5	0.53	11.2	1
1077	7.5	0.58	0.2	2.0	0.073	34.0	44.0	0.99494	3.1	0.43	9.3	1
1078	7.8	0.58	0.13	2.1	0.102	17.0	36.0	0.9944	3.24	0.53	11.2	1
1079	8.0	0.715	0.22	2.3	0.075	13.0	81.0	0.99688	3.24	0.54	9.5	1
1080	7.0	0.69	0.0	1.9	0.114	3.0	10.0	0.99636	3.35	0.6	9.7	1
1081	8.0	0.715	0.22	2.3	0.075	13.0	81.0	0.99688	3.24	0.54	9.5	1
1082	7.1	0.46	0.2	1.9	0.077	28.0	54.0	0.9956	3.37	0.64	10.4	1
1083	7.1	0.46	0.2	1.9	0.077	28.0	54.0	0.9956	3.37	0.64	10.4	1
1084	7.9	0.765	0.0	2.0	0.084	9.0	22.0	0.99619	3.33	0.68	10.9	1
1085	8.7	0.63	0.28	2.7	0.096	17.0	69.0	0.99734	3.26	0.63	10.2	1
1086	7.0	0.42	0.19	2.3	0.071	18.0	36.0	0.99476	3.39	0.56	10.9	1
1087	11.3	0.37	0.5	1.8	0.09	20.0	47.0	0.99734	3.15	0.57	10.5	1
1088	7.1	0.16	0.44	2.5	0.068	17.0	31.0	0.99328	3.35	0.54	12.4	1
1089	8.0	0.6	0.08	2.6	0.056	3.0	7.0	0.99286	3.22	0.37	13.0	1
1090	7.0	0.6	0.3	4.5	0.068	20.0	110.0	0.99914	3.3	1.17	10.2	1
1091	7.0	0.6	0.3	4.5	0.068	20.0	110.0	0.99914	3.3	1.17	10.2	1
1092	7.6	0.74	0.0	1.9	0.1	6.0	12.0	0.99521	3.36	0.59	11.0	1
1093	8.2	0.635	0.1	2.1	0.073	25.0	60.0	0.99638	3.29	0.75	10.9	1
1094	5.9	0.395	0.13	2.4	0.056	14.0	28.0	0.99362	3.62	0.67	12.4	1
1095	8.2	0.635	0.1	2.1	0.073	25.0	60.0	0.99638	3.29	0.75	10.9	1
1096	6.6	0.63	0.0	4.3	0.093	51.0	77.5	0.99558	3.2	0.45	9.5	1
1097	6.6	0.63	0.0	4.3	0.093	51.0	77.5	0.99558	3.2	0.45	9.5	1
1098	8.2	0.78	0.0	2.2	0.089	13.0	26.0	0.9978	3.37	0.46	9.6	0
1099	8.5	0.4	0.4	6.3	0.05	3.0	10.0	0.99566	3.28	0.56	12.0	0
1100	7.5	0.755	0.0	1.9	0.084	6.0	12.0	0.99672	3.34	0.49	9.7	0
1101	7.6	1.58	0.0	2.1	0.137	5.0	9.0	0.99476	3.5	0.4	10.9	0
1102	6.8	0.68	0.09	3.9	0.068	15.0	29.0	0.99524	3.41	0.52	11.1	0
1103	8.0	0.83	0.27	2.0	0.08	11.0	63.0	0.99652	3.29	0.48	9.8	0
1104	10.4	0.52	0.45	2.0	0.08	6.0	13.0	0.99774	3.22	0.76	11.4	1
1105	10.4	0.52	0.45	2.0	0.08	6.0	13.0	0.99774	3.22	0.76	11.4	1
1106	7.5	0.41	0.15	3.7	0.104	29.0	94.0	0.99786	3.14	0.58	9.1	1
1107	8.2	0.51	0.24	2.0	0.079	16.0	86.0	0.99764	3.34	0.64	9.5	1
1108	7.3	0.4	0.3	1.7	0.08	33.0	79.0	0.9969	3.41	0.65	9.5	1
1109	8.2	0.38	0.32	2.5	0.08	24.0	71.0	0.99624	3.27	0.85	11.0	1
1110	6.9	0.45	0.11	2.4	0.043	6.0	12.0	0.99354	3.3	0.65	11.4	1
1111	7.0	0.22	0.3	1.8	0.065	16.0	20.0	0.99672	3.61	0.82	10.0	1
1112	7.3	0.32	0.23	2.3	0.066	35.0	70.0	0.99588	3.43	0.62	10.1	1
1113	8.2	0.2	0.43	2.5	0.076	31.0	51.0	0.99672	3.53	0.81	10.4	1
1114	7.8	0.5	0.12	1.8	0.178	6.0	21.0	0.996	3.28	0.87	9.8	1
1115	7.8	0.39	0.42	2.0	0.086	9.0	21.0	0.99526	3.39	0.66	11.6	1
1116	10.0	0.35	0.47	2.0	0.061	6.0	11.0	0.99585	3.23	0.52	12.0	1
1117	6.1	0.58	0.23	2.5	0.044	16.0	70.0	0.99352	3.46	0.65	12.5	1
1118	8.3	0.6	0.25	2.2	0.118	9.0	38.0	0.99616	3.15	0.53	9.8	1
1119	9.6	0.42	0.35	2.1	0.083	17.0	38.0	0.99622	3.23	0.66	11.1	1
1120	6.6	0.58	0.0	2.2	0.1	50.0	63.0	0.99544	3.59	0.68	11.4	1
1121	8.3	0.6	0.25	2.2	0.118	9.0	38.0	0.99616	3.15	0.53	9.8	1
1122	6.7	0.41	0.43	2.8	0.076	22.0	54.0	0.99572	3.42	1.16	10.6	1
1123	10.2	0.41	0.43	2.2	0.11	11.0	37.0	0.99728	3.16	0.67	10.8	1
1124	8.8	0.45	0.43	1.4	0.076	12.0	21.0	0.99551	3.21	0.75	10.2	1
1125	9.0	0.785	0.24	1.7	0.078	10.0	21.0	0.99692	3.29	0.67	10.0	1
1126	9.0	0.785	0.24	1.7	0.078	10.0	21.0	0.99692	3.29	0.67	10.0	1
1127	8.5	0.44	0.5	1.9	0.369	15.0	38.0	0.99634	3.01	1.1	9.4	1
1128	9.9	0.54	0.26	2.0	0.111	7.0	60.0	0.99709	2.94	0.98	10.2	1
1129	6.5	0.34	0.27	2.8	0.067	8.0	44.0	0.99384	3.21	0.56	12.0	1
1130	7.6	0.5	0.29	2.3	0.086	5.0	14.0	0.99502	3.32	0.62	11.5	1
1131	9.2	0.36	0.34	1.6	0.062	5.0	12.0	0.99667	3.2	0.67	10.5	1
1132	7.1	0.59	0.0	2.2	0.078	26.0	44.0	0.99522	3.42	0.68	10.8	1
1133	9.7	0.42	0.46	2.1	0.074	5.0	16.0	0.99649	3.27	0.74	12.3	1
1134	7.6	0.36	0.31	1.7	0.079	26.0	65.0	0.99716	3.46	0.62	9.5	1
1135	7.6	0.36	0.31	1.7	0.079	26.0	65.0	0.99716	3.46	0.62	9.5	1
1136	6.5	0.61	0.0	2.2	0.095	48.0	59.0	0.99541	3.61	0.7	11.5	1
1137	5.6	0.915	0.0	2.1	0.041	17.0	78.0	0.99346	3.68	0.73	11.4	1
1138	8.2	0.35	0.33	2.4	0.076	11.0	47.0	0.99599	3.27	0.81	11.0	1
1139	8.2	0.35	0.33	2.4	0.076	11.0	47.0	0.99599	3.27	0.81	11.0	1
1140	9.8	0.39	0.43	1.65	0.068	5.0	11.0	0.99478	3.19	0.46	11.4	1
1141	10.2	0.4	0.4	2.5	0.068	41.0	54.0	0.99754	3.38	0.86	10.5	1
1142	6.8	0.66	0.07	1.6	0.07	16.0	61.0	0.99572	3.29	0.6	9.3	1
1143	6.7	0.64	0.23	2.1	0.08	11.0	119.0	0.99538	3.36	0.7	10.9	1
1144	7.0	0.43	0.3	2.0	0.085	6.0	39.0	0.99346	3.33	0.46	11.9	1
1145	6.6	0.8	0.03	7.8	0.079	6.0	12.0	0.9963	3.52	0.5	12.2	1
1146	7.0	0.43	0.3	2.0	0.085	6.0	39.0	0.99346	3.33	0.46	11.9	1
1147	6.7	0.64	0.23	2.1	0.08	11.0	119.0	0.99538	3.36	0.7	10.9	1
1148	9.1	0.4	0.57	4.6	0.08	6.0	20.0	0.99652	3.28	0.57	12.5	1
1149	6.5	0.885	0.0	2.3	0.166	6.0	12.0	0.99551	3.56	0.51	10.8	1
1150	6.4	0.885	0.0	2.3	0.166	6.0	12.0	0.99551	3.56	0.51	10.8	1
1151	7.0	0.745	0.12	1.8	0.114	15.0	64.0	0.99588	3.22	0.59	9.5	1
1152	6.2	0.43	0.22	1.8	0.078	21.0	56.0	0.99633	3.52	0.6	9.5	1
1153	7.9	0.58	0.23	2.3	0.076	23.0	94.0	0.99686	3.21	0.58	9.5	1
1154	7.7	0.57	0.21	1.5	0.069	4.0	9.0	0.99458	3.16	0.54	9.8	1
1155	7.7	0.26	0.26	2.0	0.052	19.0	77.0	0.9951	3.15	0.79	10.9	1
1156	7.9	0.58	0.23	2.3	0.076	23.0	94.0	0.99686	3.21	0.58	9.5	1
1157	7.7	0.57	0.21	1.5	0.069	4.0	9.0	0.99458	3.16	0.54	9.8	1
1158	9.9	0.74	0.19	5.8	0.111	33.0	76.0	0.99878	3.14	0.55	9.4	1
1159	9.9	0.72	0.55	1.7	0.136	24.0	52.0	0.99752	3.35	0.94	10.0	1
1160	6.8	0.65	0.02	2.1	0.078	8.0	15.0	0.99498	3.35	0.62	10.4	1
1161	6.6	0.44	0.15	2.1	0.076	22.0	53.0	0.9957	3.32	0.62	9.3	1
1162	6.8	0.65	0.02	2.1	0.078	8.0	15.0	0.99498	3.35	0.62	10.4	1
1163	9.6	0.38	0.42	1.9	0.071	5.0	13.0	0.99659	3.15	0.75	10.5	1
1164	10.2	0.33	0.46	1.9	0.081	6.0	9.0	0.99628	3.1	0.48	10.4	1
1165	8.8	0.27	0.46	2.1	0.095	20.0	29.0	0.99488	3.26	0.56	11.3	1
1166	7.9	0.57	0.31	2.0	0.079	10.0	79.0	0.99677	3.29	0.69	9.5	1
1167	8.2	0.34	0.37	1.9	0.057	43.0	74.0	0.99408	3.23	0.81	12.0	1
1168	8.2	0.4	0.31	1.9	0.082	8.0	24.0	0.996	3.24	0.69	10.6	1
1169	9.0	0.39	0.4	1.3	0.044	25.0	50.0	0.99478	3.2	0.83	10.9	1
1170	10.9	0.32	0.52	1.8	0.132	17.0	44.0	0.99734	3.28	0.77	11.5	1
1171	10.9	0.32	0.52	1.8	0.132	17.0	44.0	0.99734	3.28	0.77	11.5	1
1172	8.1	0.53	0.22	2.2	0.078	33.0	89.0	0.99678	3.26	0.46	9.6	1
1173	10.5	0.36	0.47	2.2	0.074	9.0	23.0	0.99638	3.23	0.76	12.0	1
1174	12.6	0.39	0.49	2.5	0.08	8.0	20.0	0.9992	3.07	0.82	10.3	1
1175	9.2	0.46	0.23	2.6	0.091	18.0	77.0	0.99922	3.15	0.51	9.4	1
1176	7.5	0.58	0.03	4.1	0.08	27.0	46.0	0.99592	3.02	0.47	9.2	1
1177	9.0	0.58	0.25	2.0	0.104	8.0	21.0	0.99769	3.27	0.72	9.6	1
1178	7.6	0.43	0.29	2.1	0.075	19.0	66.0	0.99718	3.4	0.64	9.5	1
1179	7.7	0.18	0.34	2.7	0.066	15.0	58.0	0.9947	3.37	0.78	11.8	1
1180	7.8	0.815	0.01	2.6	0.074	48.0	90.0	0.99621	3.38	0.62	10.8	1
1181	7.6	0.43	0.29	2.1	0.075	19.0	66.0	0.99718	3.4	0.64	9.5	1
1182	7.1	0.75	0.01	2.2	0.059	11.0	18.0	0.99242	3.39	0.4	12.8	1
1183	7.8	0.55	0.0	1.7	0.07	7.0	17.0	0.99659	3.26	0.64	9.4	1
1184	7.1	0.75	0.01	2.2	0.059	11.0	18.0	0.99242	3.39	0.4	12.8	1
1185	7.5	0.61	0.2	1.7	0.076	36.0	60.0	0.99494	3.1	0.4	9.3	1
1186	9.8	0.37	0.39	2.5	0.079	28.0	65.0	0.99729	3.16	0.59	9.8	1
1187	9.0	0.4	0.41	2.0	0.058	15.0	40.0	0.99414	3.22	0.6	12.2	1
1188	8.3	0.56	0.22	2.4	0.082	10.0	86.0	0.9983	3.37	0.62	9.5	1
1189	5.9	0.29	0.25	13.4	0.067	72.0	160.0	0.99721	3.33	0.54	10.3	1
1190	7.4	0.55	0.19	1.8	0.082	15.0	34.0	0.99655	3.49	0.68	10.5	1
1191	7.4	0.74	0.07	1.7	0.086	15.0	48.0	0.99502	3.12	0.48	10.0	1
1192	7.4	0.55	0.19	1.8	0.082	15.0	34.0	0.99655	3.49	0.68	10.5	1
1193	6.9	0.41	0.33	2.2	0.081	22.0	36.0	0.9949	3.41	0.75	11.1	1
1194	7.1	0.6	0.01	2.3	0.079	24.0	37.0	0.99514	3.4	0.61	10.9	1
1195	7.1	0.6	0.01	2.3	0.079	24.0	37.0	0.99514	3.4	0.61	10.9	1
1196	7.5	0.58	0.14	2.2	0.077	27.0	60.0	0.9963	3.28	0.59	9.8	1
1197	7.1	0.72	0.0	1.8	0.123	6.0	14.0	0.99627	3.45	0.58	9.8	1
1198	7.9	0.66	0.0	1.4	0.096	6.0	13.0	0.99569	3.43	0.58	9.5	1
1199	7.8	0.7	0.06	1.9	0.079	20.0	35.0	0.99628	3.4	0.69	10.9	1
1200	6.1	0.64	0.02	2.4	0.069	26.0	46.0	0.99358	3.47	0.45	11.0	1
1201	7.5	0.59	0.22	1.8	0.082	43.0	60.0	0.99499	3.1	0.42	9.2	1
1202	7.0	0.58	0.28	4.8	0.085	12.0	69.0	0.99633	3.32	0.7	11.0	1
1203	6.8	0.64	0.0	2.7	0.123	15.0	33.0	0.99538	3.44	0.63	11.3	1
1204	6.8	0.64	0.0	2.7	0.123	15.0	33.0	0.99538	3.44	0.63	11.3	1
1205	8.6	0.635	0.68	1.8	0.403	19.0	56.0	0.99632	3.02	1.15	9.3	1
1206	9.8	0.45	0.38	2.5	0.081	34.0	66.0	0.99726	3.15	0.58	9.8	1
1207	8.5	0.37	0.32	1.8	0.066	26.0	51.0	0.99456	3.38	0.72	11.8	1
1208	7.2	0.57	0.05	2.3	0.081	16.0	36.0	0.99564	3.38	0.6	10.3	1
1209	7.2	0.57	0.05	2.3	0.081	16.0	36.0	0.99564	3.38	0.6	10.3	1
1210	10.4	0.43	0.5	2.3	0.068	13.0	19.0	0.996	3.1	0.87	11.4	1
1211	6.9	0.41	0.31	2.0	0.079	21.0	51.0	0.99668	3.47	0.55	9.5	1
1212	5.0	0.38	0.01	1.6	0.048	26.0	60.0	0.99084	3.7	0.75	14.0	1
1213	7.3	0.44	0.2	1.6	0.049	24.0	64.0	0.9935	3.38	0.57	11.7	1
1214	5.9	0.46	0.0	1.9	0.077	25.0	44.0	0.99385	3.5	0.53	11.2	1
1215	7.5	0.58	0.2	2.0	0.073	34.0	44.0	0.99494	3.1	0.43	9.3	1
1216	7.8	0.58	0.13	2.1	0.102	17.0	36.0	0.9944	3.24	0.53	11.2	1
1217	8.0	0.715	0.22	2.3	0.075	13.0	81.0	0.99688	3.24	0.54	9.5	1
1218	7.0	0.69	0.0	1.9	0.114	3.0	10.0	0.99636	3.35	0.6	9.7	1
1219	8.0	0.715	0.22	2.3	0.075	13.0	81.0	0.99688	3.24	0.54	9.5	1
1220	7.1	0.46	0.2	1.9	0.077	28.0	54.0	0.9956	3.37	0.64	10.4	1
1221	7.1	0.46	0.2	1.9	0.077	28.0	54.0	0.9956	3.37	0.64	10.4	1
1222	7.9	0.765	0.0	2.0	0.084	9.0	22.0	0.99619	3.33	0.68	10.9	1
1223	8.7	0.63	0.28	2.7	0.096	17.0	69.0	0.99734	3.26	0.63	10.2	1
1224	7.0	0.42	0.19	2.3	0.071	18.0	36.0	0.99476	3.39	0.56	10.9	1
1225	11.3	0.37	0.5	1.8	0.09	20.0	47.0	0.99734	3.15	0.57	10.5	1
1226	7.1	0.16	0.44	2.5	0.068	17.0	31.0	0.99328	3.35	0.54	12.4	1
1227	8.0	0.6	0.08	2.6	0.056	3.0	7.0	0.99286	3.22	0.37	13.0	1
1228	7.0	0.6	0.3	4.5	0.068	20.0	110.0	0.99914	3.3	1.17	10.2	1
1229	7.0	0.6	0.3	4.5	0.068	20.0	110.0	0.99914	3.3	1.17	10.2	1
1230	7.6	0.74	0.0	1.9	0.1	6.0	12.0	0.99521	3.36	0.59	11.0	1
1231	8.2	0.635	0.1	2.1	0.073	25.0	60.0	0.99638	3.29	0.75	10.9	1
1232	5.9	0.395	0.13	2.4	0.056	14.0	28.0	0.99362	3.62	0.67	12.4	1
1233	8.2	0.635	0.1	2.1	0.073	25.0	60.0	0.99638	3.29	0.75	10.9	1
1234	6.6	0.63	0.0	4.3	0.093	51.0	77.5	0.99558	3.2	0.45	9.5	1
1235	6.6	0.63	0.0	4.3	0.093	51.0	77.5	0.99558	3.2	0.45	9.5	1
1236	8.2	0.78	0.0	2.2	0.089	13.0	26.0	0.9978	3.37	0.46	9.6	0
1237	8.5	0.4	0.4	6.3	0.05	3.0	10.0	0.99566	3.28	0.56	12.0	0
1238	7.5	0.755	0.0	1.9	0.084	6.0	12.0	0.99672	3.34	0.49	9.7	0
1239	7.6	1.58	0.0	2.1	0.137	5.0	9.0	0.99476	3.5	0.4	10.9	0
1240	6.8	0.68	0.09	3.9	0.068	15.0	29.0	0.99524	3.41	0.52	11.1	0
1241	8.0	0.83	0.27	2.0	0.08	11.0	63.0	0.99652	3.29	0.48	9.8	0
